,testID,assessmentItemID,difficultyLevel,discriminationLevel,guessLevel,knowledgeTag,Timestamp
0,A090000001,A090001007,0.1252125803,2.7215362673,0.0961797255,4697,2021-01-08 06:08:25.336946
1,A090000001,A090001008,0.9955034244,0.697742077,1.93109e-05,4697,2021-01-08 06:08:25.336946
2,A090000001,A090001003,-0.0711695866,15.7017881323,0.2375047819,10174,2021-01-08 06:08:25.336946
3,A090000001,A090001005,-0.4402246562,1.9878880615,1.07796e-05,78,2021-01-08 06:08:25.336946
4,A090000001,A090001001,0.6022704473,2.2461161537,0.1536600494,4697,2021-01-08 06:08:25.336946
5,A090000001,A090001006,-0.1353892387,4.8230810737,0.1516934127,78,2021-01-08 06:08:25.336946
6,A090000001,A090001004,0.5230481441,2.8526892323,0.2285441003,78,2021-01-08 06:08:25.336946
7,A090000001,A090001002,0.1231690818,3.0742078685,0.13036772,4697,2021-01-08 06:08:25.336946
8,A090000002,A090002001,-1.4348845611,2.2183714927,0.2999999983,4699,2021-01-08 06:08:25.336946
9,A090000002,A090002007,-0.1876772232,1.5367910074,2.3399e-05,78,2021-01-08 06:08:25.336946
10,A090000002,A090002008,-0.0277611288,4.6903992242,0.0,4697,2021-01-08 06:08:25.336946
11,A090000002,A090002003,0.0286072852,5.6426562005,0.0,78,2021-01-08 06:08:25.336946
12,A090000002,A090002006,-0.7000138343,19.9883037557,0.235232789,78,2021-01-08 06:08:25.336946
13,A090000002,A090002004,3.7428416375,0.6461459077,2.3e-09,4697,2021-01-08 06:08:25.336946
14,A090000002,A090002005,0.6337476454,38.2302384177,0.211626949,4699,2021-01-08 06:08:25.336946
15,A090000002,A090002002,0.1109491446,1.2932084537,9e-10,78,2021-01-08 06:08:25.336946
16,A090000003,A090003006,0.1006853288,2.4584419808,9.4477e-06,4709,2021-01-08 06:08:25.336946
17,A090000003,A090003007,0.1994165265,6.4959898858,0.0849563128,4699,2021-01-08 06:08:25.336946
18,A090000003,A090003001,-0.2850286329,4.2723606129,0.1114046664,4699,2021-01-08 06:08:25.336946
19,A090000003,A090003005,0.8967462071,2.0563661292,0.2677247168,4709,2021-01-08 06:08:25.336946
20,A090000003,A090003008,1.9745117228,2.6558537823,0.1903543939,4699,2021-01-08 06:08:25.336946
21,A090000003,A090003002,0.0085540183,3.7581484482,0.0434255153,4709,2021-01-08 06:08:25.336946
22,A090000003,A090003004,0.8088267685,3.0030747227,0.1923588897,4709,2021-01-08 06:08:25.336946
23,A090000003,A090003003,0.6735065578,2.3466180739,0.1846065833,4709,2021-01-08 06:08:25.336946
24,A090000004,A090004005,4.264684336,0.1626039278,0.1009251303,4699,2021-01-08 06:08:25.336946
25,A090000004,A090004001,-0.7892326185,3.0326530702,0.0052587036,4699,2021-01-08 06:08:25.336946
26,A090000004,A090004004,0.692830426,4.9963191414,0.2998535198,4709,2021-01-08 06:08:25.336946
27,A090000004,A090004006,-0.9227408638,4.4557635182,0.0273616358,4699,2021-01-08 06:08:25.336946
28,A090000004,A090004002,-0.233188072,3.1921247809,5.79532e-05,4709,2021-01-08 06:08:25.336946
29,A090000004,A090004008,-0.0895763591,9.5283324465,0.2968067324,4699,2021-01-08 06:08:25.336946
30,A090000004,A090004007,0.6971853145,17.0687210087,0.2523146386,4699,2021-01-08 06:08:25.336946
31,A090000004,A090004003,0.5808467841,14.5805176082,0.2999999667,78,2021-01-08 06:08:25.336946
32,A090000005,A090005006,0.2308740376,1.5160648662,9.17741e-05,4723,2021-01-08 06:08:25.336946
33,A090000005,A090005002,0.6254743216,4.0248635271,0.215310594,4723,2021-01-08 06:08:25.336946
34,A090000005,A090005005,0.6766830398,10.0893974422,0.2999998879,4723,2021-01-08 06:08:25.336946
35,A090000005,A090005001,1.0784352073,1.480927369,0.0865700402,4723,2021-01-08 06:08:25.336946
36,A090000005,A090005004,1.0033476843,3.773351606,0.0549561602,4709,2021-01-08 06:08:25.336946
37,A090000005,A090005003,0.0856278081,1.5516852359,0.0006333163,4699,2021-01-08 06:08:25.336946
38,A090000006,A090006006,0.9189618593,8.601076537,0.1089241852,4723,2021-01-08 06:08:25.336946
39,A090000006,A090006002,0.0517024376,7.0226531694,0.0531153075,4709,2021-01-08 06:08:25.336946
40,A090000006,A090006005,-0.2297385839,1.6164930265,0.0001365784,4723,2021-01-08 06:08:25.336946
41,A090000006,A090006004,-0.2539457262,16.4826523836,0.094168085,4723,2021-01-08 06:08:25.336946
42,A090000006,A090006001,0.6442114096,16.0887404354,0.1604344997,4723,2021-01-08 06:08:25.336946
43,A090000006,A090006003,-0.2190907736,0.9846279076,0.2978886094,4723,2021-01-08 06:08:25.336946
44,A090000007,A090007003,0.1063947703,3.1732896412,8.73797e-05,4725,2021-01-08 06:08:25.336946
45,A090000007,A090007004,0.3228954233,4.3854523276,0.2700698339,4697,2021-01-08 06:08:25.336946
46,A090000007,A090007006,-0.3583550136,1.6650476565,0.0016302124,4209,2021-01-08 06:08:25.336946
47,A090000007,A090007001,0.4228851156,2.2798419859,0.0534801237,4724,2021-01-08 06:08:25.336946
48,A090000007,A090007002,-0.1952016928,3.783738007,0.1865830974,4725,2021-01-08 06:08:25.336946
49,A090000007,A090007005,0.0238888615,2.7048883889,0.0945266249,4725,2021-01-08 06:08:25.336946
50,A090000008,A090008004,0.002863458,1.9029295077,0.1938258135,4725,2021-01-08 06:08:25.336946
51,A090000008,A090008002,1.5056463349,0.3982924681,0.0004038316,4724,2021-01-08 06:08:25.336946
52,A090000008,A090008006,-0.6838392192,57.4031005005,5.0488e-06,4209,2021-01-08 06:08:25.336946
53,A090000008,A090008005,-0.5889739889,1.6287328875,8.8765e-05,4209,2021-01-08 06:08:25.336946
54,A090000008,A090008003,-0.5192937632,1.1889390858,0.0001982989,4724,2021-01-08 06:08:25.336946
55,A090000008,A090008001,-1.1569057015,1.1210714229,0.3,4724,2021-01-08 06:08:25.336946
56,A090000009,A090009001,0.3858394268,2.3931671322,0.1302350544,5141,2021-01-08 06:08:25.336946
57,A090000009,A090009004,0.3019501431,2.171183564,4.3297e-06,4725,2021-01-08 06:08:25.336946
58,A090000009,A090009007,0.6459302047,13.4110519901,0.1280732957,4723,2021-01-08 06:08:25.336946
59,A090000009,A090009003,-0.1588609406,1.7501625916,7.93683e-05,10741,2021-01-08 06:08:25.336946
60,A090000009,A090009002,-0.3285058138,2.4318070014,0.0004079845,10741,2021-01-08 06:08:25.336946
61,A090000009,A090009008,0.930795927,1.4820113912,0.0850476453,4723,2021-01-08 06:08:25.336946
62,A090000009,A090009005,0.6029525084,2.5702317983,0.2083876052,10741,2021-01-08 06:08:25.336946
63,A090000009,A090009006,0.6778388096,47.7372610612,0.2699562614,10741,2021-01-08 06:08:25.336946
64,A090000010,A090010005,0.0215171286,6.3083953287,0.2994839959,10741,2021-01-08 06:08:25.336946
65,A090000010,A090010007,0.3039453268,2.0395814257,0.1301361155,10741,2021-01-08 06:08:25.336946
66,A090000010,A090010003,-0.4707557249,2.1141352387,0.0788589944,10741,2021-01-08 06:08:25.336946
67,A090000010,A090010004,1.078851128,2.1047285248,0.2305139725,4725,2021-01-08 06:08:25.336946
68,A090000010,A090010002,-0.6559443108,17.7335342424,0.0554585297,10741,2021-01-08 06:08:25.336946
69,A090000010,A090010008,0.230250361,1.2073284741,0.0160436697,10741,2021-01-08 06:08:25.336946
70,A090000010,A090010001,0.116001884,7.6674650191,0.2955127782,10741,2021-01-08 06:08:25.336946
71,A090000010,A090010006,0.4753187822,2.6966947527,0.2417943561,5142,2021-01-08 06:08:25.336946
72,A090000011,A090011005,0.8485070563,5.8448522086,0.2032953352,9728,2021-01-08 06:08:25.336946
73,A090000011,A090011006,0.8100950831,3.0133645568,0.0069040478,5261,2021-01-08 06:08:25.336946
74,A090000011,A090011007,0.8031957513,2.9898186773,0.2871713051,5261,2021-01-08 06:08:25.336946
75,A090000011,A090011008,1.1925393084,2.6384294104,0.1017106346,9728,2021-01-08 06:08:25.336946
76,A090000011,A090011001,0.0363949926,3.0635560807,0.0317049009,5261,2021-01-08 06:08:25.336946
77,A090000011,A090011003,0.3803891392,4.1330428031,0.1090655742,5261,2021-01-08 06:08:25.336946
78,A090000011,A090011002,0.5364507357,9.3275227345,0.1917650418,5261,2021-01-08 06:08:25.336946
79,A090000011,A090011004,1.0398592495,6.3573064848,0.2930864246,9728,2021-01-08 06:08:25.336946
80,A090000012,A090012001,-1.6475637588,1.128369885,1.65208e-05,5261,2021-01-08 06:08:25.336946
81,A090000012,A090012006,0.0637983082,2.564328111,0.0,5261,2021-01-08 06:08:25.336946
82,A090000012,A090012004,-0.8142567274,2.0942974193,1.885458592e-151,4210,2021-01-08 06:08:25.336946
83,A090000012,A090012003,-1.0204288196,1.152391286,7.49233665e-104,9728,2021-01-08 06:08:25.336946
84,A090000012,A090012008,-0.4754835827,1.0234669498,1.168535149e-55,5261,2021-01-08 06:08:25.336946
85,A090000012,A090012007,-0.1897839807,1.9823214924,5.441011316e-295,5261,2021-01-08 06:08:25.336946
86,A090000012,A090012005,-0.6011939648,1.5395683096,1.11877094e-218,5261,2021-01-08 06:08:25.336946
87,A090000012,A090012002,-1.2754923988,2.1020277139,0.0001157236,5261,2021-01-08 06:08:25.336946
88,A090000013,A090013001,0.6610165797,1.4555555771,0.1520345071,5317,2021-01-08 06:08:25.336946
89,A090000013,A090013002,0.7656092184,4.1152553192,0.1399031895,9728,2021-01-08 06:08:25.336946
90,A090000013,A090013004,0.8280126158,1.4940508091,0.0885872205,5317,2021-01-08 06:08:25.336946
91,A090000013,A090013006,0.6379555822,8.3579779072,0.2584663997,4210,2021-01-08 06:08:25.336946
92,A090000013,A090013003,0.4877172157,11.1661574885,0.1805986067,5261,2021-01-08 06:08:25.336946
93,A090000013,A090013008,0.1789375017,0.8738959676,0.006614616,4210,2021-01-08 06:08:25.336946
94,A090000013,A090013005,-0.1072474016,2.7871402135,0.0003018044,5261,2021-01-08 06:08:25.336946
95,A090000013,A090013007,0.5629100638,13.4445889036,0.173247005,4210,2021-01-08 06:08:25.336946
96,A090000014,A090014006,1.2765849663,18.810574825,0.201380628,5261,2021-01-08 06:08:25.336946
97,A090000014,A090014001,0.0063632674,17.9739995938,1.8348e-06,5261,2021-01-08 06:08:25.336946
98,A090000014,A090014003,0.6566918443,2.3107936207,0.2858399945,5261,2021-01-08 06:08:25.336946
99,A090000014,A090014002,0.6552474197,57.7864757687,0.2349447007,9728,2021-01-08 06:08:25.336946
100,A090000014,A090014004,0.3687895409,2.2498313791,2.2702e-06,9728,2021-01-08 06:08:25.336946
101,A090000014,A090014005,1.3622382969,1.1822084335,0.2999999998,9728,2021-01-08 06:08:25.336946
102,A090000015,A090015002,0.6156966069,19.2559015155,0.1615723785,5595,2021-01-08 06:08:25.336946
103,A090000015,A090015004,0.4210297795,6.0620015754,0.1424846101,4210,2021-01-08 06:08:25.336946
104,A090000015,A090015001,-0.0457707524,4.4746708063,0.0980990766,4210,2021-01-08 06:08:25.336946
105,A090000015,A090015008,0.9758770584,1.5954917886,0.1110004874,4210,2021-01-08 06:08:25.336946
106,A090000015,A090015006,0.4687882398,5.1208463609,0.2592864688,4210,2021-01-08 06:08:25.336946
107,A090000015,A090015003,0.0916439431,4.0709806692,3.06433e-05,4210,2021-01-08 06:08:25.336946
108,A090000015,A090015005,0.6630407855,9.1347772486,0.1874250116,5595,2021-01-08 06:08:25.336946
109,A090000015,A090015007,0.5686163122,2.85057385,0.0574809524,4210,2021-01-08 06:08:25.336946
110,A090000016,A090016005,1.0815702118,5.4131174658,0.2561301779,5596,2021-01-08 06:08:25.336946
111,A090000016,A090016008,1.1817752468,3.5196420577,0.1983885751,4210,2021-01-08 06:08:25.336946
112,A090000016,A090016003,0.6983059732,2.0088679276,0.2167068765,4210,2021-01-08 06:08:25.336946
113,A090000016,A090016007,1.0576154474,5.4783782443,0.2368015109,4210,2021-01-08 06:08:25.336946
114,A090000016,A090016006,0.9629955975,5.5090843828,0.2357054717,4210,2021-01-08 06:08:25.336946
115,A090000016,A090016001,0.8220440274,10.9454574668,0.2135458283,4210,2021-01-08 06:08:25.336946
116,A090000016,A090016002,0.3880723488,5.1690392031,0.2366822134,5308,2021-01-08 06:08:25.336946
117,A090000016,A090016004,0.126493311,1.4686699568,0.0572394603,4210,2021-01-08 06:08:25.336946
118,A090000017,A090017004,0.9364277202,4.763316177,0.1505764255,4211,2021-01-08 06:08:25.336946
119,A090000017,A090017006,1.0227009518,2.1886507238,0.1501168051,5261,2021-01-08 06:08:25.336946
120,A090000017,A090017002,0.7071161204,4.3404334443,0.1321646479,4210,2021-01-08 06:08:25.336946
121,A090000017,A090017001,1.2342015029,1.8886615657,0.2406636579,5595,2021-01-08 06:08:25.336946
122,A090000017,A090017005,0.4185130566,1.6703444665,0.0160966041,4211,2021-01-08 06:08:25.336946
123,A090000017,A090017003,0.5575915955,2.3720408024,0.1211586638,5595,2021-01-08 06:08:25.336946
124,A090000018,A090018001,0.4968309029,6.5590606776,0.1940486696,974,2021-01-08 06:08:25.336946
125,A090000018,A090018003,0.2638841044,7.967721292,0.0785975087,972,2021-01-08 06:08:25.336946
126,A090000018,A090018008,0.6499302221,10.0176498536,0.2861008082,972,2021-01-08 06:08:25.336946
127,A090000018,A090018005,0.7742381916,3.3174726599,0.1891977677,972,2021-01-08 06:08:25.336946
128,A090000018,A090018002,-0.1067337937,2.7804886269,0.0001001535,971,2021-01-08 06:08:25.336946
129,A090000018,A090018007,0.1894796035,3.4665939933,0.1064423384,9743,2021-01-08 06:08:25.336946
130,A090000018,A090018006,0.4597331886,13.6543269596,0.2567941053,972,2021-01-08 06:08:25.336946
131,A090000018,A090018004,0.1505797354,4.573273223,0.0679306733,972,2021-01-08 06:08:25.336946
132,A090000019,A090019004,0.5365610259,9.9653637793,0.2998991771,9744,2021-01-08 06:08:25.336946
133,A090000019,A090019001,-0.5020837948,1.4430400789,0.0167403241,972,2021-01-08 06:08:25.336946
134,A090000019,A090019006,0.7145310143,5.2900776648,0.1593315507,9745,2021-01-08 06:08:25.336946
135,A090000019,A090019003,0.490323023,2.5770015258,0.0550116188,972,2021-01-08 06:08:25.336946
136,A090000019,A090019005,0.0755724883,1.6942505577,0.0031159608,9745,2021-01-08 06:08:25.336946
137,A090000019,A090019007,0.3904394828,8.2985529011,0.195612779,972,2021-01-08 06:08:25.336946
138,A090000019,A090019008,0.227247029,2.2620373322,0.0088659455,9743,2021-01-08 06:08:25.336946
139,A090000019,A090019002,0.2562122235,0.916783336,0.0288211141,10778,2021-01-08 06:08:25.336946
140,A090000020,A090020008,0.7244058184,18.1270686357,0.1082488612,974,2021-01-08 06:08:25.336946
141,A090000020,A090020002,0.2236207393,3.5768394873,0.030266287,972,2021-01-08 06:08:25.336946
142,A090000020,A090020005,0.3532056096,2.2389398059,0.0323174323,972,2021-01-08 06:08:25.336946
143,A090000020,A090020003,0.0015043239,1.4754836747,0.001008684,974,2021-01-08 06:08:25.336946
144,A090000020,A090020001,0.7793126442,3.1109557504,0.126103149,972,2021-01-08 06:08:25.336946
145,A090000020,A090020007,0.6429054579,20.1192851911,0.1022788275,972,2021-01-08 06:08:25.336946
146,A090000020,A090020004,0.3574327788,3.7801006516,0.091344251,974,2021-01-08 06:08:25.336946
147,A090000020,A090020006,0.6148302475,5.0416686263,0.2734727033,972,2021-01-08 06:08:25.336946
148,A090000021,A090021004,1.9943120899,38.7884035953,0.1955704518,975,2021-01-08 06:08:25.336946
149,A090000021,A090021006,-0.1331306005,2.2585632598,1.15723e-05,9829,2021-01-08 06:08:25.336946
150,A090000021,A090021005,0.5788669535,1.2231511714,0.002384404,9787,2021-01-08 06:08:25.336946
151,A090000021,A090021002,0.6837732194,2.877490468,0.299999751,975,2021-01-08 06:08:25.336946
152,A090000021,A090021001,0.0671667422,4.3906960505,0.2583214744,975,2021-01-08 06:08:25.336946
153,A090000021,A090021003,0.174081184,1.1578333276,0.0274733982,4232,2021-01-08 06:08:25.336946
154,A090000022,A090022007,0.4197357638,3.3216470456,0.247985393,10169,2021-01-08 06:08:25.336946
155,A090000022,A090022003,-0.0238475026,5.3328668092,0.1443827418,9811,2021-01-08 06:08:25.336946
156,A090000022,A090022002,0.8667496396,2.0053976279,9.55611e-05,10168,2021-01-08 06:08:25.336946
157,A090000022,A090022008,0.82115382,4.1991808523,0.0985880918,10169,2021-01-08 06:08:25.336946
158,A090000022,A090022005,0.8956772344,1.128218664,0.198013837,10169,2021-01-08 06:08:25.336946
159,A090000022,A090022001,-0.2990991532,2.703646981,0.004114056,10169,2021-01-08 06:08:25.336946
160,A090000022,A090022006,0.355223327,5.5440412466,0.1231798514,10169,2021-01-08 06:08:25.336946
161,A090000022,A090022004,0.4849230948,7.3685708619,0.0809727494,10168,2021-01-08 06:08:25.336946
162,A090000023,A090023007,0.9224036196,9.0911956225,0.2983550894,10169,2021-01-08 06:08:25.336946
163,A090000023,A090023001,0.375033791,3.2518996069,0.1269479135,10169,2021-01-08 06:08:25.336946
164,A090000023,A090023004,1.2636347588,11.1440241505,0.2118907472,10169,2021-01-08 06:08:25.336946
165,A090000023,A090023005,0.9785424637,4.7734707435,0.1419409379,10169,2021-01-08 06:08:25.336946
166,A090000023,A090023006,1.195377867,12.1159587687,0.2986134358,10169,2021-01-08 06:08:25.336946
167,A090000023,A090023002,1.1285088233,4.951728808,0.0230389881,10169,2021-01-08 06:08:25.336946
168,A090000023,A090023008,0.7254718969,2.1950758001,0.1506462626,10169,2021-01-08 06:08:25.336946
169,A090000023,A090023003,0.1355527007,2.0239051811,0.0163412552,10169,2021-01-08 06:08:25.336946
170,A090000024,A090024002,0.4504682759,4.4601224345,2.38176e-05,10169,2021-01-08 06:08:25.336946
171,A090000024,A090024001,0.4352681108,2.2369833041,0.2554337262,9829,2021-01-08 06:08:25.336946
172,A090000024,A090024006,1.2742141246,3.0477274621,0.1396264253,10590,2021-01-08 06:08:25.336946
173,A090000024,A090024007,1.2717525042,4.9326740913,0.2457551532,10169,2021-01-08 06:08:25.336946
174,A090000024,A090024004,0.7003239024,26.5034840403,0.2999985619,10169,2021-01-08 06:08:25.336946
175,A090000024,A090024005,1.408190152,10.3052470298,0.1742434416,10169,2021-01-08 06:08:25.336946
176,A090000024,A090024008,1.2080688592,21.1415379674,0.2445432273,10169,2021-01-08 06:08:25.336946
177,A090000024,A090024003,0.9546953516,3.7435510371,0.0507698041,10169,2021-01-08 06:08:25.336946
178,A090000025,A090025001,0.9628050802,1.7609918025,0.2586826673,974,2021-01-08 06:08:25.336946
179,A090000025,A090025005,0.6281382434,14.2106281528,0.1979692562,10169,2021-01-08 06:08:25.336946
180,A090000025,A090025004,0.6113051479,8.2908247084,0.2540938271,10169,2021-01-08 06:08:25.336946
181,A090000025,A090025002,0.1969444932,1.9413579834,0.0039194463,10169,2021-01-08 06:08:25.336946
182,A090000025,A090025006,0.6439467101,6.6005635024,0.2002376674,10169,2021-01-08 06:08:25.336946
183,A090000025,A090025003,0.2680153823,2.2154541125,0.1838560503,10169,2021-01-08 06:08:25.336946
184,A090000026,A090026002,0.0778759403,2.7898116073,0.1414881737,10182,2021-01-08 06:08:25.336946
185,A090000026,A090026001,-0.054179274,3.213015262,4.9037e-06,1000,2021-01-08 06:08:25.336946
186,A090000026,A090026004,0.3821692373,4.7243136652,0.1341600866,10182,2021-01-08 06:08:25.336946
187,A090000026,A090026005,1.2400639197,25.1800216079,0.2044211015,10182,2021-01-08 06:08:25.336946
188,A090000026,A090026003,0.1716713602,3.7022667991,0.0826080326,10182,2021-01-08 06:08:25.336946
189,A090000026,A090026006,0.8421805199,3.3733093532,0.2999996628,10182,2021-01-08 06:08:25.336946
190,A090000027,A090027006,0.6430763744,11.2284444026,0.0907999612,10182,2021-01-08 06:08:25.336946
191,A090000027,A090027005,0.6194295241,5.1016638901,0.1643415015,9832,2021-01-08 06:08:25.336946
192,A090000027,A090027002,0.1200498484,3.1827070263,0.2243517204,9832,2021-01-08 06:08:25.336946
193,A090000027,A090027004,0.5995778254,7.1253681904,0.246116148,9832,2021-01-08 06:08:25.336946
194,A090000027,A090027003,0.8001163971,2.61881137,0.1366845229,9832,2021-01-08 06:08:25.336946
195,A090000027,A090027001,-0.0112124624,4.642693996,0.2679380351,10608,2021-01-08 06:08:25.336946
196,A090000028,A090028002,0.1632381059,3.2092842366,1.02118e-05,1002,2021-01-08 06:08:25.336946
197,A090000028,A090028001,0.7139472845,1.3278674807,0.0001053789,10181,2021-01-08 06:08:25.336946
198,A090000028,A090028004,0.8692602184,4.6434373084,0.0550481869,10181,2021-01-08 06:08:25.336946
199,A090000028,A090028006,0.6702998383,4.884827085,0.185195269,1002,2021-01-08 06:08:25.336946
200,A090000028,A090028005,0.8938118738,5.1846333457,0.217341503,10181,2021-01-08 06:08:25.336946
201,A090000028,A090028003,0.5159352103,2.3291562313,0.1345443257,10181,2021-01-08 06:08:25.336946
202,A090000029,A090029003,0.5542527313,3.4957706934,0.1881982439,1010,2021-01-08 06:08:25.336946
203,A090000029,A090029001,-0.0648564745,3.1414716701,0.0347318228,1010,2021-01-08 06:08:25.336946
204,A090000029,A090029002,0.2252550733,4.7598600001,0.0965204522,1010,2021-01-08 06:08:25.336946
205,A090000029,A090029005,0.5262770084,9.925180885,0.0890097044,1010,2021-01-08 06:08:25.336946
206,A090000029,A090029004,1.2551846631,12.0588573107,0.2967531118,1010,2021-01-08 06:08:25.336946
207,A090000029,A090029006,0.6823887648,2.6890329661,0.2653011167,1010,2021-01-08 06:08:25.336946
208,A090000030,A090030004,0.5823273916,23.958531606,0.0791621772,10180,2021-01-08 06:08:25.336946
209,A090000030,A090030002,0.6475757165,34.3558709472,0.1987054515,1011,2021-01-08 06:08:25.336946
210,A090000030,A090030001,-0.2274895964,3.4815777692,0.1407556627,10180,2021-01-08 06:08:25.336946
211,A090000030,A090030006,0.6495427988,26.6932193546,0.1732274643,10180,2021-01-08 06:08:25.336946
212,A090000030,A090030005,-0.1941193808,3.5330941868,0.0048463225,1011,2021-01-08 06:08:25.336946
213,A090000030,A090030003,0.5794870285,31.4935377072,0.201245838,1011,2021-01-08 06:08:25.336946
214,A090000031,A090031003,0.657296636,5.8850426218,0.2999860986,4234,2021-01-08 06:08:25.336946
215,A090000031,A090031002,0.2499651002,2.3038164292,0.0089288028,4234,2021-01-08 06:08:25.336946
216,A090000031,A090031004,0.6328387595,1.1731548697,0.0176030689,4234,2021-01-08 06:08:25.336946
217,A090000031,A090031005,0.948570052,3.7278121156,0.2167339822,4234,2021-01-08 06:08:25.336946
218,A090000031,A090031001,0.6879891379,13.5531518784,0.0582865976,4234,2021-01-08 06:08:25.336946
219,A090000031,A090031006,0.8161992283,2.2019875514,0.0419530957,4234,2021-01-08 06:08:25.336946
220,A090000032,A090032006,0.818969187,6.4881215799,0.1610439583,10607,2021-01-08 06:08:25.336946
221,A090000032,A090032003,0.7989289889,2.6231908288,0.1404853528,10181,2021-01-08 06:08:25.336946
222,A090000032,A090032004,1.0617244621,5.5904919736,0.0941334033,10607,2021-01-08 06:08:25.336946
223,A090000032,A090032001,0.4649325754,1.4227794074,0.299979343,10607,2021-01-08 06:08:25.336946
224,A090000032,A090032005,0.7478763082,10.0845624089,0.1855869928,10607,2021-01-08 06:08:25.336946
225,A090000032,A090032002,0.4792150872,3.7834770061,4.9873e-06,10607,2021-01-08 06:08:25.336946
226,A090000033,A090033003,0.5142199666,3.1807117176,0.0819834789,1002,2021-01-08 06:08:25.336946
227,A090000033,A090033006,1.1341330119,5.7907353796,0.2920142402,1009,2021-01-08 06:08:25.336946
228,A090000033,A090033001,0.0274505532,2.9155907793,0.2053438936,10608,2021-01-08 06:08:25.336946
229,A090000033,A090033002,0.6501309722,16.2346655119,0.138595307,10608,2021-01-08 06:08:25.336946
230,A090000033,A090033004,1.2300615964,4.0512873173,0.2118853553,9832,2021-01-08 06:08:25.336946
231,A090000033,A090033005,1.007815682,7.5593023566,0.2850815361,9846,2021-01-08 06:08:25.336946
232,A090000034,A090034005,0.3297995642,2.0874229865,6.355e-07,10610,2021-01-08 06:08:25.336946
233,A090000034,A090034002,0.5510406586,17.3509222494,0.2224575044,10759,2021-01-08 06:08:25.336946
234,A090000034,A090034006,0.3763541747,2.8463173932,0.0702740594,10759,2021-01-08 06:08:25.336946
235,A090000034,A090034007,0.5902843751,12.4502636607,0.2993735318,10759,2021-01-08 06:08:25.336946
236,A090000034,A090034001,0.569233675,18.9678111673,0.107922027,10759,2021-01-08 06:08:25.336946
237,A090000034,A090034008,0.6332139803,23.3273195807,0.1920859405,10760,2021-01-08 06:08:25.336946
238,A090000034,A090034003,0.792441353,1.7515888215,0.096655159,10610,2021-01-08 06:08:25.336946
239,A090000034,A090034004,0.6364710505,20.3242084637,0.115049153,10610,2021-01-08 06:08:25.336946
240,A090000035,A090035007,1.0905590087,2.0538442957,9.608e-07,10760,2021-01-08 06:08:25.336946
241,A090000035,A090035004,1.6449292204,3.4518860799,0.1705575132,10760,2021-01-08 06:08:25.336946
242,A090000035,A090035001,0.0779763996,2.579715202,0.00112942,10760,2021-01-08 06:08:25.336946
243,A090000035,A090035005,0.7633831036,2.5813577193,3.9348e-06,10760,2021-01-08 06:08:25.336946
244,A090000035,A090035003,1.6303128899,1.4456443859,0.174724175,10760,2021-01-08 06:08:25.336946
245,A090000035,A090035006,0.6816362556,12.8721296841,0.2998634736,10760,2021-01-08 06:08:25.336946
246,A090000035,A090035008,0.6839178129,1.7999919672,0.0043796399,10760,2021-01-08 06:08:25.336946
247,A090000035,A090035002,1.242326703,10.0511656004,0.1689795089,10760,2021-01-08 06:08:25.336946
248,A090000036,A090036006,0.2159455567,3.266827019,0.0074727869,1248,2021-01-08 06:08:25.336946
249,A090000036,A090036002,1.0218062394,14.7434694455,0.2993287431,1248,2021-01-08 06:08:25.336946
250,A090000036,A090036005,0.6235426394,16.008263867,0.2243238191,1248,2021-01-08 06:08:25.336946
251,A090000036,A090036004,0.0919745324,3.0479553866,0.0024193785,1248,2021-01-08 06:08:25.336946
252,A090000036,A090036003,-0.1062887904,3.5383762913,0.0539103665,1248,2021-01-08 06:08:25.336946
253,A090000036,A090036001,0.3943648442,2.6535759063,0.2544667874,1248,2021-01-08 06:08:25.336946
254,A090000037,A090037001,-0.2920861612,0.9858719025,0.0345496341,1249,2021-01-08 06:08:25.336946
255,A090000037,A090037003,0.2949063144,1.1795840231,0.1782737945,1249,2021-01-08 06:08:25.336946
256,A090000037,A090037006,0.0852303229,4.3203107208,0.1401131513,1249,2021-01-08 06:08:25.336946
257,A090000037,A090037002,-0.0143375547,1.2866869535,0.0036683738,1249,2021-01-08 06:08:25.336946
258,A090000037,A090037008,0.6616548384,5.5219736369,0.0925961707,1249,2021-01-08 06:08:25.336946
259,A090000037,A090037004,0.1183343207,8.7097923495,0.2621380762,1249,2021-01-08 06:08:25.336946
260,A090000037,A090037005,0.3486438481,4.3712265134,0.1593256096,1249,2021-01-08 06:08:25.336946
261,A090000037,A090037007,0.4973499531,15.1697124777,0.266805119,9852,2021-01-08 06:08:25.336946
262,A090000038,A090038006,0.73784967,2.0323815529,5.7997e-06,1251,2021-01-08 06:08:25.336946
263,A090000038,A090038005,0.5601205319,11.976109046,0.1755834926,1251,2021-01-08 06:08:25.336946
264,A090000038,A090038003,-0.0145843847,2.0634278291,7.8e-09,1250,2021-01-08 06:08:25.336946
265,A090000038,A090038002,0.0605850255,27.3511228188,0.3,1250,2021-01-08 06:08:25.336946
266,A090000038,A090038001,0.2329444079,4.0023223118,0.3,1250,2021-01-08 06:08:25.336946
267,A090000038,A090038004,-0.1439935688,2.1539478001,1.801926396e-37,1251,2021-01-08 06:08:25.336946
268,A090000039,A090039006,0.3113536411,4.701530964,0.2699580485,1252,2021-01-08 06:08:25.336946
269,A090000039,A090039005,0.4421508777,12.6499098024,0.2584519602,4236,2021-01-08 06:08:25.336946
270,A090000039,A090039004,0.0760382429,4.1815304177,0.0310709632,10764,2021-01-08 06:08:25.336946
271,A090000039,A090039003,0.8273584381,10.7938889373,0.2939960714,1252,2021-01-08 06:08:25.336946
272,A090000039,A090039001,0.5903253868,4.5734106255,0.1041662026,1252,2021-01-08 06:08:25.336946
273,A090000039,A090039002,0.3871670689,2.7801066523,0.2181468825,10764,2021-01-08 06:08:25.336946
274,A090000040,A090040002,0.5899955856,3.5396337927,0.0859388134,1253,2021-01-08 06:08:25.336946
275,A090000040,A090040001,0.3279160295,3.1897466613,0.2038767512,1253,2021-01-08 06:08:25.336946
276,A090000040,A090040003,0.1040512321,1.7670489191,0.1133196076,1253,2021-01-08 06:08:25.336946
277,A090000040,A090040005,0.9437958428,3.9011497281,0.1675959198,1253,2021-01-08 06:08:25.336946
278,A090000040,A090040008,0.8829590126,8.8927646375,0.2838016356,1253,2021-01-08 06:08:25.336946
279,A090000040,A090040006,0.8813593841,3.1280912857,0.1250283577,1253,2021-01-08 06:08:25.336946
280,A090000040,A090040004,0.6057522927,1.3025067801,0.1130508712,1253,2021-01-08 06:08:25.336946
281,A090000040,A090040007,0.8952181197,4.6571832494,0.101741149,1253,2021-01-08 06:08:25.336946
282,A090000041,A090041001,0.6665116985,9.1210795496,0.1032486108,4236,2021-01-08 06:08:25.336946
283,A090000041,A090041004,0.876811653,7.2987234744,0.2744201888,9857,2021-01-08 06:08:25.336946
284,A090000041,A090041005,0.8508718184,2.199354738,0.270016562,9857,2021-01-08 06:08:25.336946
285,A090000041,A090041003,0.5065320024,8.4482743857,0.2561046655,9858,2021-01-08 06:08:25.336946
286,A090000041,A090041006,0.7664516221,13.0470050103,0.174254629,9857,2021-01-08 06:08:25.336946
287,A090000041,A090041002,0.4734555673,9.6138256703,0.2528201143,4236,2021-01-08 06:08:25.336946
288,A090000042,A090042003,0.8746245084,46.9623050947,0.1908057514,10624,2021-01-08 06:08:25.336946
289,A090000042,A090042001,0.5620637377,2.3666500774,7.008e-07,10624,2021-01-08 06:08:25.336946
290,A090000042,A090042004,0.6776334099,53.569414621,0.1128616127,10766,2021-01-08 06:08:25.336946
291,A090000042,A090042005,0.4992018332,2.2826081559,0.0400391781,10625,2021-01-08 06:08:25.336946
292,A090000042,A090042006,1.307497812,20.4591547426,0.2525378292,10624,2021-01-08 06:08:25.336946
293,A090000042,A090042002,-0.0433557254,3.1162010619,0.0002362064,10624,2021-01-08 06:08:25.336946
294,A090000043,A090043008,0.6931197893,9.3358912042,0.088850066,2010,2021-01-08 06:08:25.336946
295,A090000043,A090043004,0.5495936934,8.0982761993,0.250607831,2010,2021-01-08 06:08:25.336946
296,A090000043,A090043002,0.3183527027,5.5239193407,0.2550385306,2010,2021-01-08 06:08:25.336946
297,A090000043,A090043007,0.6194838302,9.199335563,0.2137046092,2010,2021-01-08 06:08:25.336946
298,A090000043,A090043003,0.2100933403,3.384377973,0.2266352656,2010,2021-01-08 06:08:25.336946
299,A090000043,A090043005,0.4350676728,5.563407494,0.1872976966,2010,2021-01-08 06:08:25.336946
300,A090000043,A090043006,0.6286015959,9.4089729497,0.0827941816,2010,2021-01-08 06:08:25.336946
301,A090000043,A090043001,-0.2441712109,0.7108462668,0.029553964,2010,2021-01-08 06:08:25.336946
302,A090000044,A090044003,0.1683464547,5.5221903534,0.2733543798,2010,2021-01-08 06:08:25.336946
303,A090000044,A090044008,1.191169087,1.9297859544,0.2218311712,2010,2021-01-08 06:08:25.336946
304,A090000044,A090044002,0.296755754,3.0725257645,0.088652593,2010,2021-01-08 06:08:25.336946
305,A090000044,A090044005,-0.0145287072,1.9621448936,0.1320214722,2010,2021-01-08 06:08:25.336946
306,A090000044,A090044001,-0.5238034012,1.626144604,0.0230172025,2010,2021-01-08 06:08:25.336946
307,A090000044,A090044004,0.4915992312,9.9647450157,0.1181007336,2010,2021-01-08 06:08:25.336946
308,A090000044,A090044006,0.9455524804,3.1288482601,0.1522338571,2010,2021-01-08 06:08:25.336946
309,A090000044,A090044007,0.4728902195,1.5759106515,0.0581093645,2010,2021-01-08 06:08:25.336946
310,A090000045,A090045003,0.1580531363,3.281561176,0.1432458257,2010,2021-01-08 06:08:25.336946
311,A090000045,A090045006,0.8591044299,4.0317146026,0.147183974,2010,2021-01-08 06:08:25.336946
312,A090000045,A090045005,0.7928003578,4.5908178677,0.145521217,2010,2021-01-08 06:08:25.336946
313,A090000045,A090045002,-0.2478963638,2.0820954867,2.995e-06,2010,2021-01-08 06:08:25.336946
314,A090000045,A090045004,0.4008050743,7.7384543604,0.1025967438,2010,2021-01-08 06:08:25.336946
315,A090000045,A090045001,-0.0198683076,2.9916356857,0.2999713723,2010,2021-01-08 06:08:25.336946
316,A090000046,A090046004,0.932190098,53.5383206202,0.2370985867,2010,2021-01-08 06:08:25.336946
317,A090000046,A090046001,-0.1493542308,6.5898057276,0.0006657661,2010,2021-01-08 06:08:25.336946
318,A090000046,A090046003,-0.1590322588,3.2835089341,0.0004504073,2010,2021-01-08 06:08:25.336946
319,A090000046,A090046006,0.8945520276,4.003088961,0.2999998927,2010,2021-01-08 06:08:25.336946
320,A090000046,A090046002,0.0285605656,15.1834552061,0.2372569114,2010,2021-01-08 06:08:25.336946
321,A090000046,A090046005,0.7474102784,20.7806762228,0.249518071,2010,2021-01-08 06:08:25.336946
322,A090000047,A090047004,0.6038017923,3.7594233131,0.0503852008,2010,2021-01-08 06:08:25.336946
323,A090000047,A090047008,-0.0579160341,2.1433935935,0.0776700012,2010,2021-01-08 06:08:25.336946
324,A090000047,A090047006,0.4269097012,2.8311147584,0.099643387,2010,2021-01-08 06:08:25.336946
325,A090000047,A090047002,0.0050774081,2.5281122225,0.0103674312,2010,2021-01-08 06:08:25.336946
326,A090000047,A090047003,1.0254201453,14.6005946544,0.2677685819,2010,2021-01-08 06:08:25.336946
327,A090000047,A090047007,0.361870734,3.6527068418,0.299996934,2010,2021-01-08 06:08:25.336946
328,A090000047,A090047001,0.5838691264,9.9259989167,0.21786293,2010,2021-01-08 06:08:25.336946
329,A090000047,A090047005,0.0653535445,1.3132458587,0.0002260799,2010,2021-01-08 06:08:25.336946
330,A090000048,A090048005,0.6261257412,27.4126112791,0.2999981995,2598,2021-01-08 06:08:25.336946
331,A090000048,A090048002,-0.0142186572,4.2382363542,0.2475954897,2598,2021-01-08 06:08:25.336946
332,A090000048,A090048001,0.0163818881,1.902872128,1.232579598e-19,2598,2021-01-08 06:08:25.336946
333,A090000048,A090048004,0.660374027,28.10592493,0.1629124849,2598,2021-01-08 06:08:25.336946
334,A090000048,A090048006,0.8898824645,3.7960363042,0.17512469,2598,2021-01-08 06:08:25.336946
335,A090000048,A090048003,0.248240749,31.6432173465,0.224052786,2598,2021-01-08 06:08:25.336946
336,A090000049,A090049002,0.643911021,10.1426162285,0.2010526673,4242,2021-01-08 06:08:25.336946
337,A090000049,A090049005,0.109797591,2.5840723328,0.0739836036,4242,2021-01-08 06:08:25.336946
338,A090000049,A090049003,0.5411343804,6.9047320289,0.1776059736,4242,2021-01-08 06:08:25.336946
339,A090000049,A090049004,0.4034057635,9.4690435349,0.0550178386,4242,2021-01-08 06:08:25.336946
340,A090000049,A090049001,0.2970331814,5.2092378037,0.2984470289,4242,2021-01-08 06:08:25.336946
341,A090000049,A090049006,0.6015553018,12.4622792387,0.2530393452,4242,2021-01-08 06:08:25.336946
342,A090000050,A090050001,0.5933691832,11.7424024827,0.1114194563,2600,2021-01-08 06:08:25.336946
343,A090000050,A090050002,1.0497115794,1.3707180414,0.0653708,2600,2021-01-08 06:08:25.336946
344,A090000050,A090050004,0.137685832,2.6057943258,2.988e-07,2598,2021-01-08 06:08:25.336946
345,A090000050,A090050005,0.6843603312,26.8899154336,0.1569376629,2598,2021-01-08 06:08:25.336946
346,A090000050,A090050003,0.6822132777,20.5785171399,0.1056916968,2600,2021-01-08 06:08:25.336946
347,A090000050,A090050006,0.0099717629,2.2740628176,1.39572e-05,2598,2021-01-08 06:08:25.336946
348,A090000051,A090051008,0.9439600859,3.726343104,0.1717390711,2598,2021-01-08 06:08:25.336946
349,A090000051,A090051002,0.3302149864,2.7311141554,1.1e-09,2598,2021-01-08 06:08:25.336946
350,A090000051,A090051001,0.3340903217,4.6061506322,0.133586486,2598,2021-01-08 06:08:25.336946
351,A090000051,A090051005,0.342079778,3.3594286985,2.3099e-06,2598,2021-01-08 06:08:25.336946
352,A090000051,A090051006,0.5079057819,5.0092586983,0.1904509528,2598,2021-01-08 06:08:25.336946
353,A090000051,A090051003,0.6079851437,34.1315838393,0.2134008248,2598,2021-01-08 06:08:25.336946
354,A090000051,A090051007,0.7177287056,8.3167727803,0.188865309,2600,2021-01-08 06:08:25.336946
355,A090000051,A090051004,0.3918836662,6.0729551429,0.1109944253,2598,2021-01-08 06:08:25.336946
356,A090000052,A090052006,0.9095016751,5.2107785643,0.2995402624,2600,2021-01-08 06:08:25.336946
357,A090000052,A090052002,1.5847628919,8.5288814892,0.2999998677,2601,2021-01-08 06:08:25.336946
358,A090000052,A090052004,0.2407979331,15.1530193378,0.1993949441,10190,2021-01-08 06:08:25.336946
359,A090000052,A090052003,0.1907455725,22.0918464496,0.1105615779,10190,2021-01-08 06:08:25.336946
360,A090000052,A090052005,0.0320869073,1.5625066959,0.0592960007,2601,2021-01-08 06:08:25.336946
361,A090000052,A090052001,-0.4717736759,2.1016039921,0.0679809074,2601,2021-01-08 06:08:25.336946
362,A090000053,A090053004,0.2565712601,1.3957717825,1.664e-07,9923,2021-01-08 06:08:25.336946
363,A090000053,A090053005,0.5363726624,16.3310231827,0.2098797941,9923,2021-01-08 06:08:25.336946
364,A090000053,A090053003,0.3299433766,2.1840917554,0.0008708961,2602,2021-01-08 06:08:25.336946
365,A090000053,A090053001,0.1521512422,2.0649314836,1.392599147e-32,2602,2021-01-08 06:08:25.336946
366,A090000053,A090053002,0.6425049118,22.1563564892,0.2298092066,2602,2021-01-08 06:08:25.336946
367,A090000053,A090053006,0.530021673,19.4319461704,0.2862123598,9923,2021-01-08 06:08:25.336946
368,A090000054,A090054007,1.6189167003,5.840456065,0.2771447547,9923,2021-01-08 06:08:25.336946
369,A090000054,A090054005,1.7554375869,9.5283659627,0.2229987561,2602,2021-01-08 06:08:25.336946
370,A090000054,A090054002,1.9073974103,5.2552852345,0.2999808734,2601,2021-01-08 06:08:25.336946
371,A090000054,A090054001,0.9831900874,2.2666013133,0.1483137144,2601,2021-01-08 06:08:25.336946
372,A090000054,A090054008,0.4510475664,3.5053662563,0.0369997562,9923,2021-01-08 06:08:25.336946
373,A090000054,A090054003,0.2338623762,0.7487213949,0.0214294961,10190,2021-01-08 06:08:25.336946
374,A090000054,A090054006,0.3913552523,1.0386746016,0.0795957604,2601,2021-01-08 06:08:25.336946
375,A090000054,A090054004,1.5679743944,10.7014019872,0.1822474034,2601,2021-01-08 06:08:25.336946
376,A090000055,A090055006,0.6737637135,29.9927738801,0.1498930768,2603,2021-01-08 06:08:25.336946
377,A090000055,A090055001,-0.795672487,2.1838655039,0.0037638002,2603,2021-01-08 06:08:25.336946
378,A090000055,A090055003,0.5985197655,3.8611701472,0.2002437069,2603,2021-01-08 06:08:25.336946
379,A090000055,A090055002,0.5675547674,3.3339308858,0.0965015311,2603,2021-01-08 06:08:25.336946
380,A090000055,A090055005,0.6199106012,5.7222737653,0.1750361828,2603,2021-01-08 06:08:25.336946
381,A090000055,A090055004,0.2278364124,2.7787074167,0.0914390025,2603,2021-01-08 06:08:25.336946
382,A090000056,A090056003,-0.0883512904,9.935993451,0.2804136338,2603,2021-01-08 06:08:25.336946
383,A090000056,A090056006,-0.3672566382,10.75688552,0.2852925705,2604,2021-01-08 06:08:25.336946
384,A090000056,A090056002,0.0071117752,4.0813126078,0.0882310853,2604,2021-01-08 06:08:25.336946
385,A090000056,A090056001,-1.070330476,4.8296241892,0.0212926029,2604,2021-01-08 06:08:25.336946
386,A090000056,A090056004,-0.6547710173,11.2049204583,0.0560382789,2604,2021-01-08 06:08:25.336946
387,A090000056,A090056005,-0.0582740007,17.3375554503,0.2978630449,2604,2021-01-08 06:08:25.336946
388,A090000057,A090057007,0.6570614029,54.767939598,0.2806297223,2603,2021-01-08 06:08:25.336946
389,A090000057,A090057005,-0.2721254709,4.2380695833,0.0,2604,2021-01-08 06:08:25.336946
390,A090000057,A090057004,0.3754743863,3.1605462388,0.0934662723,2604,2021-01-08 06:08:25.336946
391,A090000057,A090057003,0.1926208134,3.5066806314,0.3,2604,2021-01-08 06:08:25.336946
392,A090000057,A090057002,-0.1255393412,3.5974590666,0.1038899818,2604,2021-01-08 06:08:25.336946
393,A090000057,A090057006,0.4396184613,2.6912718604,0.1991559175,2603,2021-01-08 06:08:25.336946
394,A090000057,A090057008,0.5745473236,5.7579064356,5.648e-07,2604,2021-01-08 06:08:25.336946
395,A090000057,A090057001,0.6555615912,49.4047736786,0.1394258463,2603,2021-01-08 06:08:25.336946
396,A090000058,A090058005,0.6583335062,16.9305156067,0.1673428883,9927,2021-01-08 06:08:25.336946
397,A090000058,A090058008,0.2574275143,3.7237661902,0.0674981164,9927,2021-01-08 06:08:25.336946
398,A090000058,A090058006,0.0858750911,17.158926546,0.1148289729,9927,2021-01-08 06:08:25.336946
399,A090000058,A090058001,-0.0177116854,1.8170632195,0.2997920882,9927,2021-01-08 06:08:25.336946
400,A090000058,A090058003,0.6878167443,3.1236391019,0.2061594381,10784,2021-01-08 06:08:25.336946
401,A090000058,A090058007,0.6680674802,12.205350332,0.1780210275,9927,2021-01-08 06:08:25.336946
402,A090000058,A090058004,0.1217784207,4.404448999,0.2964891853,9927,2021-01-08 06:08:25.336946
403,A090000058,A090058002,-0.0883464134,29.2800605721,0.0006048581,10784,2021-01-08 06:08:25.336946
404,A090000059,A090059002,-0.6632196737,6.3201253657,0.0149929543,2607,2021-01-08 06:08:25.336946
405,A090000059,A090059004,0.762786663,7.1704958362,0.1010345728,2607,2021-01-08 06:08:25.336946
406,A090000059,A090059003,1.1509569482,7.7220130703,0.2945645333,2607,2021-01-08 06:08:25.336946
407,A090000059,A090059005,0.2491707871,12.2018309213,0.2956326742,2607,2021-01-08 06:08:25.336946
408,A090000059,A090059006,1.0644598502,5.3118905196,0.2811758619,2607,2021-01-08 06:08:25.336946
409,A090000059,A090059001,-0.0883795019,11.4325168463,0.1772497765,2607,2021-01-08 06:08:25.336946
410,A090000060,A090060006,0.6891243789,1.6103313512,2.2456e-06,2608,2021-01-08 06:08:25.336946
411,A090000060,A090060005,0.3242974801,4.2970868056,0.157240185,2608,2021-01-08 06:08:25.336946
412,A090000060,A090060001,-0.0359557243,2.3389632452,0.0022591928,2608,2021-01-08 06:08:25.336946
413,A090000060,A090060002,0.0054281946,13.0940127874,0.299995271,2608,2021-01-08 06:08:25.336946
414,A090000060,A090060003,0.0257335413,18.4648072093,0.0001664909,2608,2021-01-08 06:08:25.336946
415,A090000060,A090060004,0.0082115095,21.273896538,0.1856065791,2608,2021-01-08 06:08:25.336946
416,A090000061,A090061006,0.3097618021,4.9229145321,0.0415692789,2605,2021-01-08 06:08:25.336946
417,A090000061,A090061008,0.0089475488,1.2976013076,0.0260134341,9927,2021-01-08 06:08:25.336946
418,A090000061,A090061003,0.709289321,16.2203402027,0.0525688461,9927,2021-01-08 06:08:25.336946
419,A090000061,A090061001,-0.2195975526,1.2845995125,0.0237524947,10784,2021-01-08 06:08:25.336946
420,A090000061,A090061007,0.223978596,2.8617312294,0.0070771252,2608,2021-01-08 06:08:25.336946
421,A090000061,A090061004,0.6203141065,15.3739721627,0.1062774826,9927,2021-01-08 06:08:25.336946
422,A090000061,A090061005,0.7107966358,8.3371375132,0.2531711773,9927,2021-01-08 06:08:25.336946
423,A090000062,A090062005,0.7765146737,5.3758609686,0.2747532419,9928,2021-01-08 06:08:25.336946
424,A090000062,A090062007,0.6253794958,7.3973659108,0.116264564,9928,2021-01-08 06:08:25.336946
425,A090000062,A090062001,-0.6401747533,1.6596887913,0.0266114991,9928,2021-01-08 06:08:25.336946
426,A090000062,A090062006,-0.1117072976,11.4415900569,0.0382944739,9928,2021-01-08 06:08:25.336946
427,A090000062,A090062003,0.7654466849,3.635134371,0.2241068434,9928,2021-01-08 06:08:25.336946
428,A090000062,A090062002,0.1048046365,14.3065489176,0.1983660879,9928,2021-01-08 06:08:25.336946
429,A090000062,A090062004,0.1073377647,8.1576933754,0.141853958,9928,2021-01-08 06:08:25.336946
430,A090000062,A090062008,0.8406103978,6.1232189363,0.2858014347,9928,2021-01-08 06:08:25.336946
431,A090000063,A090063001,-0.1489800821,18.2976083874,0.0914102484,2610,2021-01-08 06:08:25.336946
432,A090000063,A090063002,-0.0457146523,25.1491117741,0.1542228458,2610,2021-01-08 06:08:25.336946
433,A090000063,A090063005,0.0177803267,23.078191899,0.1840558231,2610,2021-01-08 06:08:25.336946
434,A090000063,A090063004,0.0573976189,5.4293721298,0.2870223099,2610,2021-01-08 06:08:25.336946
435,A090000063,A090063006,0.1003157566,10.2028856645,0.2722067049,2610,2021-01-08 06:08:25.336946
436,A090000063,A090063003,-0.0006105543,10.6785062017,0.1964705044,2610,2021-01-08 06:08:25.336946
437,A090000064,A090064004,0.5015513476,2.4903979685,0.1278656671,2611,2021-01-08 06:08:25.336946
438,A090000064,A090064003,0.8159992956,2.4428601484,0.0523811153,2611,2021-01-08 06:08:25.336946
439,A090000064,A090064005,0.6766702112,19.8863482431,0.1340527167,2611,2021-01-08 06:08:25.336946
440,A090000064,A090064001,-0.3072457357,1.9475942526,9.6001e-06,2611,2021-01-08 06:08:25.336946
441,A090000064,A090064006,0.9837508426,22.0861327626,0.1087878194,2611,2021-01-08 06:08:25.336946
442,A090000064,A090064002,0.1921706387,3.5389290877,0.2999999989,2611,2021-01-08 06:08:25.336946
443,A090000065,A090065001,-0.2257054999,4.3022135163,0.0564552887,9928,2021-01-08 06:08:25.336946
444,A090000065,A090065002,0.0855229948,8.9586282667,0.1909495219,9928,2021-01-08 06:08:25.336946
445,A090000065,A090065003,0.1557907187,4.6283916949,0.2362063483,2610,2021-01-08 06:08:25.336946
446,A090000065,A090065007,0.247110871,9.4840921261,0.1536697922,2611,2021-01-08 06:08:25.336946
447,A090000065,A090065005,0.2115931439,3.1672522896,0.0815365655,9928,2021-01-08 06:08:25.336946
448,A090000065,A090065008,0.578575786,5.9366700853,0.2964439809,2611,2021-01-08 06:08:25.336946
449,A090000065,A090065004,0.1488328,3.6527183838,0.2301551281,2610,2021-01-08 06:08:25.336946
450,A090000065,A090065006,0.3928967277,8.1853650378,0.0619433084,2610,2021-01-08 06:08:25.336946
451,A090000066,A090066008,0.5999498077,3.1413018154,0.2850138304,2612,2021-01-08 06:08:25.336946
452,A090000066,A090066004,0.1688030027,18.3853157943,0.1427554568,2612,2021-01-08 06:08:25.336946
453,A090000066,A090066003,0.6977247966,13.3748617459,0.1697326997,2612,2021-01-08 06:08:25.336946
454,A090000066,A090066001,0.6172824309,4.5665079599,0.1223074521,2612,2021-01-08 06:08:25.336946
455,A090000066,A090066006,0.7538549894,1.4746215853,0.1197050722,2612,2021-01-08 06:08:25.336946
456,A090000066,A090066007,0.9540175643,14.4178850201,0.2999968509,2612,2021-01-08 06:08:25.336946
457,A090000066,A090066002,0.5848621175,13.0176475012,0.191897632,2612,2021-01-08 06:08:25.336946
458,A090000066,A090066005,-0.2126391323,1.5918828959,0.0339408295,2612,2021-01-08 06:08:25.336946
459,A090000067,A090067004,1.2882771817,2.9310288802,0.2443116499,2614,2021-01-08 06:08:25.336946
460,A090000067,A090067001,0.1127070739,12.2349469427,0.061492952,2614,2021-01-08 06:08:25.336946
461,A090000067,A090067007,0.6512622389,7.5449651205,0.2947975285,2614,2021-01-08 06:08:25.336946
462,A090000067,A090067003,0.8221855933,8.7139880627,0.2926113232,2614,2021-01-08 06:08:25.336946
463,A090000067,A090067008,-0.3354846297,2.2226048006,0.022906021,10795,2021-01-08 06:08:25.336946
464,A090000067,A090067005,0.8714667239,12.4475475941,0.2245284732,2612,2021-01-08 06:08:25.336946
465,A090000067,A090067006,0.5050212872,16.4199986883,0.0645847422,10795,2021-01-08 06:08:25.336946
466,A090000067,A090067002,-0.4112696925,10.5827607015,0.0237119339,2614,2021-01-08 06:08:25.336946
467,A090000068,A090068003,0.9079093954,3.1919649255,0.2371560301,2613,2021-01-08 06:08:25.336946
468,A090000068,A090068002,0.4989869907,2.3503404452,0.0368565474,2612,2021-01-08 06:08:25.336946
469,A090000068,A090068008,0.6888797469,8.3161104762,0.2997237434,2610,2021-01-08 06:08:25.336946
470,A090000068,A090068006,0.623374465,2.6234775738,0.2997219641,9928,2021-01-08 06:08:25.336946
471,A090000068,A090068001,1.1143016582,18.0706520937,0.0324836447,2610,2021-01-08 06:08:25.336946
472,A090000068,A090068005,0.6174643042,19.3672128834,2.0344e-06,2610,2021-01-08 06:08:25.336946
473,A090000068,A090068004,1.0457605679,2.0001831245,3.3239e-06,2610,2021-01-08 06:08:25.336946
474,A090000068,A090068007,1.1051984921,3.2700714189,0.0615150809,2611,2021-01-08 06:08:25.336946
475,A090000069,A090069003,0.2588796895,2.0466047151,0.0664794459,2644,2021-01-08 06:08:25.336946
476,A090000069,A090069004,0.6209062367,25.6245383135,0.216362647,9924,2021-01-08 06:08:25.336946
477,A090000069,A090069006,-0.3729099113,1.4527575576,0.0011156612,9924,2021-01-08 06:08:25.336946
478,A090000069,A090069005,0.0857621806,20.0446578638,0.0361335823,2644,2021-01-08 06:08:25.336946
479,A090000069,A090069002,-0.3195772357,1.530879091,0.0012244011,9924,2021-01-08 06:08:25.336946
480,A090000069,A090069001,1.0427327169,1.8300186199,0.1653539552,9924,2021-01-08 06:08:25.336946
481,A090000070,A090070002,-0.2102489783,2.3828295461,8.7758e-06,9925,2021-01-08 06:08:25.336946
482,A090000070,A090070005,0.5311269405,4.6921825186,0.2153601143,2647,2021-01-08 06:08:25.336946
483,A090000070,A090070003,0.3259422968,5.2361473672,1e-10,9929,2021-01-08 06:08:25.336946
484,A090000070,A090070007,0.8785592777,4.2440711739,0.1055443681,9929,2021-01-08 06:08:25.336946
485,A090000070,A090070008,0.3029251343,1.9807333368,0.0,9926,2021-01-08 06:08:25.336946
486,A090000070,A090070006,1.0476570622,5.3676760272,0.2997829694,9929,2021-01-08 06:08:25.336946
487,A090000070,A090070001,0.1824135565,2.9309658958,1.81197e-05,9925,2021-01-08 06:08:25.336946
488,A090000070,A090070004,0.2373692556,2.475340256,3e-10,9929,2021-01-08 06:08:25.336946
489,A090000071,A090071005,1.3305483255,7.5125950826,0.2999991096,2647,2021-01-08 06:08:25.336946
490,A090000071,A090071003,1.2114068363,0.9151072631,0.0002915931,9924,2021-01-08 06:08:25.336946
491,A090000071,A090071001,0.5623177457,5.8724011702,0.2941394779,2644,2021-01-08 06:08:25.336946
492,A090000071,A090071006,1.3243576923,36.0241789457,0.0829120108,2647,2021-01-08 06:08:25.336946
493,A090000071,A090071004,1.3400921723,7.1423970501,0.0,9929,2021-01-08 06:08:25.336946
494,A090000071,A090071007,1.5644512518,0.7839467448,0.1985937071,9929,2021-01-08 06:08:25.336946
495,A090000071,A090071002,0.412247239,1.4649345186,0.1401186091,9924,2021-01-08 06:08:25.336946
496,A090000071,A090071008,1.0089193032,3.3027539782,0.2982037574,9926,2021-01-08 06:08:25.336946
497,A090000072,A090072005,0.5401084589,0.8878468592,0.00724602,4243,2021-01-08 06:08:25.336946
498,A090000072,A090072001,0.1986529001,1.836196524,0.0013816774,4243,2021-01-08 06:08:25.336946
499,A090000072,A090072004,0.4063079031,37.5442988473,0.299999976,4243,2021-01-08 06:08:25.336946
500,A090000072,A090072006,0.8390383521,1.3322960958,0.0034785868,2648,2021-01-08 06:08:25.336946
501,A090000072,A090072002,-0.1896384988,3.3837817327,0.0332408359,4243,2021-01-08 06:08:25.336946
502,A090000072,A090072003,0.6769433666,3.3896233121,0.2576109799,4243,2021-01-08 06:08:25.336946
503,A090000073,A090073006,0.0550654274,34.9927325543,9e-10,2648,2021-01-08 06:08:25.336946
504,A090000073,A090073001,-0.3365647026,1.6108510916,5e-10,10196,2021-01-08 06:08:25.336946
505,A090000073,A090073002,-0.2499338258,3.2070651577,7.2496e-06,2648,2021-01-08 06:08:25.336946
506,A090000073,A090073005,0.383881998,4.4285285544,0.2999856314,10196,2021-01-08 06:08:25.336946
507,A090000073,A090073004,0.5458394331,17.8809125766,0.2109895395,4243,2021-01-08 06:08:25.336946
508,A090000073,A090073003,0.0544298018,0.4828673168,0.006254237,2648,2021-01-08 06:08:25.336946
509,A090000074,A090074005,2.1261445816,0.2400337443,0.0348360712,2648,2021-01-08 06:08:25.336946
510,A090000074,A090074002,0.0120021665,54.3819407209,2.93e-08,4243,2021-01-08 06:08:25.336946
511,A090000074,A090074003,-0.7257946567,0.416778949,0.0115910645,4243,2021-01-08 06:08:25.336946
512,A090000074,A090074004,0.4509228725,4.2516891066,0.0,10196,2021-01-08 06:08:25.336946
513,A090000074,A090074001,0.7010922277,2.1973700755,0.0529614946,4243,2021-01-08 06:08:25.336946
514,A090000074,A090074006,0.0388311494,1.5859521359,3.87967e-05,2648,2021-01-08 06:08:25.336946
515,A090000001,A090001007,0.1252125803,2.7215362673,0.0961797255,4697,2021-01-08 06:08:25.336946
516,A090000001,A090001008,0.9955034244,0.697742077,1.93109e-05,4697,2021-01-08 06:08:25.336946
517,A090000001,A090001003,-0.0711695866,15.7017881323,0.2375047819,10174,2021-01-08 06:08:25.336946
518,A090000001,A090001005,-0.4402246562,1.9878880615,1.07796e-05,78,2021-01-08 06:08:25.336946
519,A090000001,A090001001,0.6022704473,2.2461161537,0.1536600494,4697,2021-01-08 06:08:25.336946
520,A090000001,A090001006,-0.1353892387,4.8230810737,0.1516934127,78,2021-01-08 06:08:25.336946
521,A090000001,A090001004,0.5230481441,2.8526892323,0.2285441003,78,2021-01-08 06:08:25.336946
522,A090000001,A090001002,0.1231690818,3.0742078685,0.13036772,4697,2021-01-08 06:08:25.336946
523,A090000002,A090002001,-1.4348845611,2.2183714927,0.2999999983,4699,2021-01-08 06:08:25.336946
524,A090000002,A090002007,-0.1876772232,1.5367910074,2.3399e-05,78,2021-01-08 06:08:25.336946
525,A090000002,A090002008,-0.0277611288,4.6903992242,0.0,4697,2021-01-08 06:08:25.336946
526,A090000002,A090002003,0.0286072852,5.6426562005,0.0,78,2021-01-08 06:08:25.336946
527,A090000002,A090002006,-0.7000138343,19.9883037557,0.235232789,78,2021-01-08 06:08:25.336946
528,A090000002,A090002004,3.7428416375,0.6461459077,2.3e-09,4697,2021-01-08 06:08:25.336946
529,A090000002,A090002005,0.6337476454,38.2302384177,0.211626949,4699,2021-01-08 06:08:25.336946
530,A090000002,A090002002,0.1109491446,1.2932084537,9e-10,78,2021-01-08 06:08:25.336946
531,A090000003,A090003006,0.1006853288,2.4584419808,9.4477e-06,4709,2021-01-08 06:08:25.336946
532,A090000003,A090003007,0.1994165265,6.4959898858,0.0849563128,4699,2021-01-08 06:08:25.336946
533,A090000003,A090003001,-0.2850286329,4.2723606129,0.1114046664,4699,2021-01-08 06:08:25.336946
534,A090000003,A090003005,0.8967462071,2.0563661292,0.2677247168,4709,2021-01-08 06:08:25.336946
535,A090000003,A090003008,1.9745117228,2.6558537823,0.1903543939,4699,2021-01-08 06:08:25.336946
536,A090000003,A090003002,0.0085540183,3.7581484482,0.0434255153,4709,2021-01-08 06:08:25.336946
537,A090000003,A090003004,0.8088267685,3.0030747227,0.1923588897,4709,2021-01-08 06:08:25.336946
538,A090000003,A090003003,0.6735065578,2.3466180739,0.1846065833,4709,2021-01-08 06:08:25.336946
539,A090000004,A090004005,4.264684336,0.1626039278,0.1009251303,4699,2021-01-08 06:08:25.336946
540,A090000004,A090004001,-0.7892326185,3.0326530702,0.0052587036,4699,2021-01-08 06:08:25.336946
541,A090000004,A090004004,0.692830426,4.9963191414,0.2998535198,4709,2021-01-08 06:08:25.336946
542,A090000004,A090004006,-0.9227408638,4.4557635182,0.0273616358,4699,2021-01-08 06:08:25.336946
543,A090000004,A090004002,-0.233188072,3.1921247809,5.79532e-05,4709,2021-01-08 06:08:25.336946
544,A090000004,A090004008,-0.0895763591,9.5283324465,0.2968067324,4699,2021-01-08 06:08:25.336946
545,A090000004,A090004007,0.6971853145,17.0687210087,0.2523146386,4699,2021-01-08 06:08:25.336946
546,A090000004,A090004003,0.5808467841,14.5805176082,0.2999999667,78,2021-01-08 06:08:25.336946
547,A090000005,A090005006,0.2308740376,1.5160648662,9.17741e-05,4723,2021-01-08 06:08:25.336946
548,A090000005,A090005002,0.6254743216,4.0248635271,0.215310594,4723,2021-01-08 06:08:25.336946
549,A090000005,A090005005,0.6766830398,10.0893974422,0.2999998879,4723,2021-01-08 06:08:25.336946
550,A090000005,A090005001,1.0784352073,1.480927369,0.0865700402,4723,2021-01-08 06:08:25.336946
551,A090000005,A090005004,1.0033476843,3.773351606,0.0549561602,4709,2021-01-08 06:08:25.336946
552,A090000005,A090005003,0.0856278081,1.5516852359,0.0006333163,4699,2021-01-08 06:08:25.336946
553,A090000006,A090006006,0.9189618593,8.601076537,0.1089241852,4723,2021-01-08 06:08:25.336946
554,A090000006,A090006002,0.0517024376,7.0226531694,0.0531153075,4709,2021-01-08 06:08:25.336946
555,A090000006,A090006005,-0.2297385839,1.6164930265,0.0001365784,4723,2021-01-08 06:08:25.336946
556,A090000006,A090006004,-0.2539457262,16.4826523836,0.094168085,4723,2021-01-08 06:08:25.336946
557,A090000006,A090006001,0.6442114096,16.0887404354,0.1604344997,4723,2021-01-08 06:08:25.336946
558,A090000006,A090006003,-0.2190907736,0.9846279076,0.2978886094,4723,2021-01-08 06:08:25.336946
559,A090000007,A090007003,0.1063947703,3.1732896412,8.73797e-05,4725,2021-01-08 06:08:25.336946
560,A090000007,A090007004,0.3228954233,4.3854523276,0.2700698339,4697,2021-01-08 06:08:25.336946
561,A090000007,A090007006,-0.3583550136,1.6650476565,0.0016302124,4209,2021-01-08 06:08:25.336946
562,A090000007,A090007001,0.4228851156,2.2798419859,0.0534801237,4724,2021-01-08 06:08:25.336946
563,A090000007,A090007002,-0.1952016928,3.783738007,0.1865830974,4725,2021-01-08 06:08:25.336946
564,A090000007,A090007005,0.0238888615,2.7048883889,0.0945266249,4725,2021-01-08 06:08:25.336946
565,A090000008,A090008004,0.002863458,1.9029295077,0.1938258135,4725,2021-01-08 06:08:25.336946
566,A090000008,A090008002,1.5056463349,0.3982924681,0.0004038316,4724,2021-01-08 06:08:25.336946
567,A090000008,A090008006,-0.6838392192,57.4031005005,5.0488e-06,4209,2021-01-08 06:08:25.336946
568,A090000008,A090008005,-0.5889739889,1.6287328875,8.8765e-05,4209,2021-01-08 06:08:25.336946
569,A090000008,A090008003,-0.5192937632,1.1889390858,0.0001982989,4724,2021-01-08 06:08:25.336946
570,A090000008,A090008001,-1.1569057015,1.1210714229,0.3,4724,2021-01-08 06:08:25.336946
571,A090000009,A090009001,0.3858394268,2.3931671322,0.1302350544,5141,2021-01-08 06:08:25.336946
572,A090000009,A090009004,0.3019501431,2.171183564,4.3297e-06,4725,2021-01-08 06:08:25.336946
573,A090000009,A090009007,0.6459302047,13.4110519901,0.1280732957,4723,2021-01-08 06:08:25.336946
574,A090000009,A090009003,-0.1588609406,1.7501625916,7.93683e-05,10741,2021-01-08 06:08:25.336946
575,A090000009,A090009002,-0.3285058138,2.4318070014,0.0004079845,10741,2021-01-08 06:08:25.336946
576,A090000009,A090009008,0.930795927,1.4820113912,0.0850476453,4723,2021-01-08 06:08:25.336946
577,A090000009,A090009005,0.6029525084,2.5702317983,0.2083876052,10741,2021-01-08 06:08:25.336946
578,A090000009,A090009006,0.6778388096,47.7372610612,0.2699562614,10741,2021-01-08 06:08:25.336946
579,A090000010,A090010005,0.0215171286,6.3083953287,0.2994839959,10741,2021-01-08 06:08:25.336946
580,A090000010,A090010007,0.3039453268,2.0395814257,0.1301361155,10741,2021-01-08 06:08:25.336946
581,A090000010,A090010003,-0.4707557249,2.1141352387,0.0788589944,10741,2021-01-08 06:08:25.336946
582,A090000010,A090010004,1.078851128,2.1047285248,0.2305139725,4725,2021-01-08 06:08:25.336946
583,A090000010,A090010002,-0.6559443108,17.7335342424,0.0554585297,10741,2021-01-08 06:08:25.336946
584,A090000010,A090010008,0.230250361,1.2073284741,0.0160436697,10741,2021-01-08 06:08:25.336946
585,A090000010,A090010001,0.116001884,7.6674650191,0.2955127782,10741,2021-01-08 06:08:25.336946
586,A090000010,A090010006,0.4753187822,2.6966947527,0.2417943561,5142,2021-01-08 06:08:25.336946
587,A090000011,A090011005,0.8485070563,5.8448522086,0.2032953352,9728,2021-01-08 06:08:25.336946
588,A090000011,A090011006,0.8100950831,3.0133645568,0.0069040478,5261,2021-01-08 06:08:25.336946
589,A090000011,A090011007,0.8031957513,2.9898186773,0.2871713051,5261,2021-01-08 06:08:25.336946
590,A090000011,A090011008,1.1925393084,2.6384294104,0.1017106346,9728,2021-01-08 06:08:25.336946
591,A090000011,A090011001,0.0363949926,3.0635560807,0.0317049009,5261,2021-01-08 06:08:25.336946
592,A090000011,A090011003,0.3803891392,4.1330428031,0.1090655742,5261,2021-01-08 06:08:25.336946
593,A090000011,A090011002,0.5364507357,9.3275227345,0.1917650418,5261,2021-01-08 06:08:25.336946
594,A090000011,A090011004,1.0398592495,6.3573064848,0.2930864246,9728,2021-01-08 06:08:25.336946
595,A090000012,A090012001,-1.6475637588,1.128369885,1.65208e-05,5261,2021-01-08 06:08:25.336946
596,A090000012,A090012006,0.0637983082,2.564328111,0.0,5261,2021-01-08 06:08:25.336946
597,A090000012,A090012004,-0.8142567274,2.0942974193,1.885458592e-151,4210,2021-01-08 06:08:25.336946
598,A090000012,A090012003,-1.0204288196,1.152391286,7.49233665e-104,9728,2021-01-08 06:08:25.336946
599,A090000012,A090012008,-0.4754835827,1.0234669498,1.168535149e-55,5261,2021-01-08 06:08:25.336946
600,A090000012,A090012007,-0.1897839807,1.9823214924,5.441011316e-295,5261,2021-01-08 06:08:25.336946
601,A090000012,A090012005,-0.6011939648,1.5395683096,1.11877094e-218,5261,2021-01-08 06:08:25.336946
602,A090000012,A090012002,-1.2754923988,2.1020277139,0.0001157236,5261,2021-01-08 06:08:25.336946
603,A090000013,A090013001,0.6610165797,1.4555555771,0.1520345071,5317,2021-01-08 06:08:25.336946
604,A090000013,A090013002,0.7656092184,4.1152553192,0.1399031895,9728,2021-01-08 06:08:25.336946
605,A090000013,A090013004,0.8280126158,1.4940508091,0.0885872205,5317,2021-01-08 06:08:25.336946
606,A090000013,A090013006,0.6379555822,8.3579779072,0.2584663997,4210,2021-01-08 06:08:25.336946
607,A090000013,A090013003,0.4877172157,11.1661574885,0.1805986067,5261,2021-01-08 06:08:25.336946
608,A090000013,A090013008,0.1789375017,0.8738959676,0.006614616,4210,2021-01-08 06:08:25.336946
609,A090000013,A090013005,-0.1072474016,2.7871402135,0.0003018044,5261,2021-01-08 06:08:25.336946
610,A090000013,A090013007,0.5629100638,13.4445889036,0.173247005,4210,2021-01-08 06:08:25.336946
611,A090000014,A090014006,1.2765849663,18.810574825,0.201380628,5261,2021-01-08 06:08:25.336946
612,A090000014,A090014001,0.0063632674,17.9739995938,1.8348e-06,5261,2021-01-08 06:08:25.336946
613,A090000014,A090014003,0.6566918443,2.3107936207,0.2858399945,5261,2021-01-08 06:08:25.336946
614,A090000014,A090014002,0.6552474197,57.7864757687,0.2349447007,9728,2021-01-08 06:08:25.336946
615,A090000014,A090014004,0.3687895409,2.2498313791,2.2702e-06,9728,2021-01-08 06:08:25.336946
616,A090000014,A090014005,1.3622382969,1.1822084335,0.2999999998,9728,2021-01-08 06:08:25.336946
617,A090000015,A090015002,0.6156966069,19.2559015155,0.1615723785,5595,2021-01-08 06:08:25.336946
618,A090000015,A090015004,0.4210297795,6.0620015754,0.1424846101,4210,2021-01-08 06:08:25.336946
619,A090000015,A090015001,-0.0457707524,4.4746708063,0.0980990766,4210,2021-01-08 06:08:25.336946
620,A090000015,A090015008,0.9758770584,1.5954917886,0.1110004874,4210,2021-01-08 06:08:25.336946
621,A090000015,A090015006,0.4687882398,5.1208463609,0.2592864688,4210,2021-01-08 06:08:25.336946
622,A090000015,A090015003,0.0916439431,4.0709806692,3.06433e-05,4210,2021-01-08 06:08:25.336946
623,A090000015,A090015005,0.6630407855,9.1347772486,0.1874250116,5595,2021-01-08 06:08:25.336946
624,A090000015,A090015007,0.5686163122,2.85057385,0.0574809524,4210,2021-01-08 06:08:25.336946
625,A090000016,A090016005,1.0815702118,5.4131174658,0.2561301779,5596,2021-01-08 06:08:25.336946
626,A090000016,A090016008,1.1817752468,3.5196420577,0.1983885751,4210,2021-01-08 06:08:25.336946
627,A090000016,A090016003,0.6983059732,2.0088679276,0.2167068765,4210,2021-01-08 06:08:25.336946
628,A090000016,A090016007,1.0576154474,5.4783782443,0.2368015109,4210,2021-01-08 06:08:25.336946
629,A090000016,A090016006,0.9629955975,5.5090843828,0.2357054717,4210,2021-01-08 06:08:25.336946
630,A090000016,A090016001,0.8220440274,10.9454574668,0.2135458283,4210,2021-01-08 06:08:25.336946
631,A090000016,A090016002,0.3880723488,5.1690392031,0.2366822134,5308,2021-01-08 06:08:25.336946
632,A090000016,A090016004,0.126493311,1.4686699568,0.0572394603,4210,2021-01-08 06:08:25.336946
633,A090000017,A090017004,0.9364277202,4.763316177,0.1505764255,4211,2021-01-08 06:08:25.336946
634,A090000017,A090017006,1.0227009518,2.1886507238,0.1501168051,5261,2021-01-08 06:08:25.336946
635,A090000017,A090017002,0.7071161204,4.3404334443,0.1321646479,4210,2021-01-08 06:08:25.336946
636,A090000017,A090017001,1.2342015029,1.8886615657,0.2406636579,5595,2021-01-08 06:08:25.336946
637,A090000017,A090017005,0.4185130566,1.6703444665,0.0160966041,4211,2021-01-08 06:08:25.336946
638,A090000017,A090017003,0.5575915955,2.3720408024,0.1211586638,5595,2021-01-08 06:08:25.336946
639,A090000018,A090018001,0.4968309029,6.5590606776,0.1940486696,974,2021-01-08 06:08:25.336946
640,A090000018,A090018003,0.2638841044,7.967721292,0.0785975087,972,2021-01-08 06:08:25.336946
641,A090000018,A090018008,0.6499302221,10.0176498536,0.2861008082,972,2021-01-08 06:08:25.336946
642,A090000018,A090018005,0.7742381916,3.3174726599,0.1891977677,972,2021-01-08 06:08:25.336946
643,A090000018,A090018002,-0.1067337937,2.7804886269,0.0001001535,971,2021-01-08 06:08:25.336946
644,A090000018,A090018007,0.1894796035,3.4665939933,0.1064423384,9743,2021-01-08 06:08:25.336946
645,A090000018,A090018006,0.4597331886,13.6543269596,0.2567941053,972,2021-01-08 06:08:25.336946
646,A090000018,A090018004,0.1505797354,4.573273223,0.0679306733,972,2021-01-08 06:08:25.336946
647,A090000019,A090019004,0.5365610259,9.9653637793,0.2998991771,9744,2021-01-08 06:08:25.336946
648,A090000019,A090019001,-0.5020837948,1.4430400789,0.0167403241,972,2021-01-08 06:08:25.336946
649,A090000019,A090019006,0.7145310143,5.2900776648,0.1593315507,9745,2021-01-08 06:08:25.336946
650,A090000019,A090019003,0.490323023,2.5770015258,0.0550116188,972,2021-01-08 06:08:25.336946
651,A090000019,A090019005,0.0755724883,1.6942505577,0.0031159608,9745,2021-01-08 06:08:25.336946
652,A090000019,A090019007,0.3904394828,8.2985529011,0.195612779,972,2021-01-08 06:08:25.336946
653,A090000019,A090019008,0.227247029,2.2620373322,0.0088659455,9743,2021-01-08 06:08:25.336946
654,A090000019,A090019002,0.2562122235,0.916783336,0.0288211141,10778,2021-01-08 06:08:25.336946
655,A090000020,A090020008,0.7244058184,18.1270686357,0.1082488612,974,2021-01-08 06:08:25.336946
656,A090000020,A090020002,0.2236207393,3.5768394873,0.030266287,972,2021-01-08 06:08:25.336946
657,A090000020,A090020005,0.3532056096,2.2389398059,0.0323174323,972,2021-01-08 06:08:25.336946
658,A090000020,A090020003,0.0015043239,1.4754836747,0.001008684,974,2021-01-08 06:08:25.336946
659,A090000020,A090020001,0.7793126442,3.1109557504,0.126103149,972,2021-01-08 06:08:25.336946
660,A090000020,A090020007,0.6429054579,20.1192851911,0.1022788275,972,2021-01-08 06:08:25.336946
661,A090000020,A090020004,0.3574327788,3.7801006516,0.091344251,974,2021-01-08 06:08:25.336946
662,A090000020,A090020006,0.6148302475,5.0416686263,0.2734727033,972,2021-01-08 06:08:25.336946
663,A090000021,A090021004,1.9943120899,38.7884035953,0.1955704518,975,2021-01-08 06:08:25.336946
664,A090000021,A090021006,-0.1331306005,2.2585632598,1.15723e-05,9829,2021-01-08 06:08:25.336946
665,A090000021,A090021005,0.5788669535,1.2231511714,0.002384404,9787,2021-01-08 06:08:25.336946
666,A090000021,A090021002,0.6837732194,2.877490468,0.299999751,975,2021-01-08 06:08:25.336946
667,A090000021,A090021001,0.0671667422,4.3906960505,0.2583214744,975,2021-01-08 06:08:25.336946
668,A090000021,A090021003,0.174081184,1.1578333276,0.0274733982,4232,2021-01-08 06:08:25.336946
669,A090000022,A090022007,0.4197357638,3.3216470456,0.247985393,10169,2021-01-08 06:08:25.336946
670,A090000022,A090022003,-0.0238475026,5.3328668092,0.1443827418,9811,2021-01-08 06:08:25.336946
671,A090000022,A090022002,0.8667496396,2.0053976279,9.55611e-05,10168,2021-01-08 06:08:25.336946
672,A090000022,A090022008,0.82115382,4.1991808523,0.0985880918,10169,2021-01-08 06:08:25.336946
673,A090000022,A090022005,0.8956772344,1.128218664,0.198013837,10169,2021-01-08 06:08:25.336946
674,A090000022,A090022001,-0.2990991532,2.703646981,0.004114056,10169,2021-01-08 06:08:25.336946
675,A090000022,A090022006,0.355223327,5.5440412466,0.1231798514,10169,2021-01-08 06:08:25.336946
676,A090000022,A090022004,0.4849230948,7.3685708619,0.0809727494,10168,2021-01-08 06:08:25.336946
677,A090000023,A090023007,0.9224036196,9.0911956225,0.2983550894,10169,2021-01-08 06:08:25.336946
678,A090000023,A090023001,0.375033791,3.2518996069,0.1269479135,10169,2021-01-08 06:08:25.336946
679,A090000023,A090023004,1.2636347588,11.1440241505,0.2118907472,10169,2021-01-08 06:08:25.336946
680,A090000023,A090023005,0.9785424637,4.7734707435,0.1419409379,10169,2021-01-08 06:08:25.336946
681,A090000023,A090023006,1.195377867,12.1159587687,0.2986134358,10169,2021-01-08 06:08:25.336946
682,A090000023,A090023002,1.1285088233,4.951728808,0.0230389881,10169,2021-01-08 06:08:25.336946
683,A090000023,A090023008,0.7254718969,2.1950758001,0.1506462626,10169,2021-01-08 06:08:25.336946
684,A090000023,A090023003,0.1355527007,2.0239051811,0.0163412552,10169,2021-01-08 06:08:25.336946
685,A090000024,A090024002,0.4504682759,4.4601224345,2.38176e-05,10169,2021-01-08 06:08:25.336946
686,A090000024,A090024001,0.4352681108,2.2369833041,0.2554337262,9829,2021-01-08 06:08:25.336946
687,A090000024,A090024006,1.2742141246,3.0477274621,0.1396264253,10590,2021-01-08 06:08:25.336946
688,A090000024,A090024007,1.2717525042,4.9326740913,0.2457551532,10169,2021-01-08 06:08:25.336946
689,A090000024,A090024004,0.7003239024,26.5034840403,0.2999985619,10169,2021-01-08 06:08:25.336946
690,A090000024,A090024005,1.408190152,10.3052470298,0.1742434416,10169,2021-01-08 06:08:25.336946
691,A090000024,A090024008,1.2080688592,21.1415379674,0.2445432273,10169,2021-01-08 06:08:25.336946
692,A090000024,A090024003,0.9546953516,3.7435510371,0.0507698041,10169,2021-01-08 06:08:25.336946
693,A090000025,A090025001,0.9628050802,1.7609918025,0.2586826673,974,2021-01-08 06:08:25.336946
694,A090000025,A090025005,0.6281382434,14.2106281528,0.1979692562,10169,2021-01-08 06:08:25.336946
695,A090000025,A090025004,0.6113051479,8.2908247084,0.2540938271,10169,2021-01-08 06:08:25.336946
696,A090000025,A090025002,0.1969444932,1.9413579834,0.0039194463,10169,2021-01-08 06:08:25.336946
697,A090000025,A090025006,0.6439467101,6.6005635024,0.2002376674,10169,2021-01-08 06:08:25.336946
698,A090000025,A090025003,0.2680153823,2.2154541125,0.1838560503,10169,2021-01-08 06:08:25.336946
699,A090000026,A090026002,0.0778759403,2.7898116073,0.1414881737,10182,2021-01-08 06:08:25.336946
700,A090000026,A090026001,-0.054179274,3.213015262,4.9037e-06,1000,2021-01-08 06:08:25.336946
701,A090000026,A090026004,0.3821692373,4.7243136652,0.1341600866,10182,2021-01-08 06:08:25.336946
702,A090000026,A090026005,1.2400639197,25.1800216079,0.2044211015,10182,2021-01-08 06:08:25.336946
703,A090000026,A090026003,0.1716713602,3.7022667991,0.0826080326,10182,2021-01-08 06:08:25.336946
704,A090000026,A090026006,0.8421805199,3.3733093532,0.2999996628,10182,2021-01-08 06:08:25.336946
705,A090000027,A090027006,0.6430763744,11.2284444026,0.0907999612,10182,2021-01-08 06:08:25.336946
706,A090000027,A090027005,0.6194295241,5.1016638901,0.1643415015,9832,2021-01-08 06:08:25.336946
707,A090000027,A090027002,0.1200498484,3.1827070263,0.2243517204,9832,2021-01-08 06:08:25.336946
708,A090000027,A090027004,0.5995778254,7.1253681904,0.246116148,9832,2021-01-08 06:08:25.336946
709,A090000027,A090027003,0.8001163971,2.61881137,0.1366845229,9832,2021-01-08 06:08:25.336946
710,A090000027,A090027001,-0.0112124624,4.642693996,0.2679380351,10608,2021-01-08 06:08:25.336946
711,A090000028,A090028002,0.1632381059,3.2092842366,1.02118e-05,1002,2021-01-08 06:08:25.336946
712,A090000028,A090028001,0.7139472845,1.3278674807,0.0001053789,10181,2021-01-08 06:08:25.336946
713,A090000028,A090028004,0.8692602184,4.6434373084,0.0550481869,10181,2021-01-08 06:08:25.336946
714,A090000028,A090028006,0.6702998383,4.884827085,0.185195269,1002,2021-01-08 06:08:25.336946
715,A090000028,A090028005,0.8938118738,5.1846333457,0.217341503,10181,2021-01-08 06:08:25.336946
716,A090000028,A090028003,0.5159352103,2.3291562313,0.1345443257,10181,2021-01-08 06:08:25.336946
717,A090000029,A090029003,0.5542527313,3.4957706934,0.1881982439,1010,2021-01-08 06:08:25.336946
718,A090000029,A090029001,-0.0648564745,3.1414716701,0.0347318228,1010,2021-01-08 06:08:25.336946
719,A090000029,A090029002,0.2252550733,4.7598600001,0.0965204522,1010,2021-01-08 06:08:25.336946
720,A090000029,A090029005,0.5262770084,9.925180885,0.0890097044,1010,2021-01-08 06:08:25.336946
721,A090000029,A090029004,1.2551846631,12.0588573107,0.2967531118,1010,2021-01-08 06:08:25.336946
722,A090000029,A090029006,0.6823887648,2.6890329661,0.2653011167,1010,2021-01-08 06:08:25.336946
723,A090000030,A090030004,0.5823273916,23.958531606,0.0791621772,10180,2021-01-08 06:08:25.336946
724,A090000030,A090030002,0.6475757165,34.3558709472,0.1987054515,1011,2021-01-08 06:08:25.336946
725,A090000030,A090030001,-0.2274895964,3.4815777692,0.1407556627,10180,2021-01-08 06:08:25.336946
726,A090000030,A090030006,0.6495427988,26.6932193546,0.1732274643,10180,2021-01-08 06:08:25.336946
727,A090000030,A090030005,-0.1941193808,3.5330941868,0.0048463225,1011,2021-01-08 06:08:25.336946
728,A090000030,A090030003,0.5794870285,31.4935377072,0.201245838,1011,2021-01-08 06:08:25.336946
729,A090000031,A090031003,0.657296636,5.8850426218,0.2999860986,4234,2021-01-08 06:08:25.336946
730,A090000031,A090031002,0.2499651002,2.3038164292,0.0089288028,4234,2021-01-08 06:08:25.336946
731,A090000031,A090031004,0.6328387595,1.1731548697,0.0176030689,4234,2021-01-08 06:08:25.336946
732,A090000031,A090031005,0.948570052,3.7278121156,0.2167339822,4234,2021-01-08 06:08:25.336946
733,A090000031,A090031001,0.6879891379,13.5531518784,0.0582865976,4234,2021-01-08 06:08:25.336946
734,A090000031,A090031006,0.8161992283,2.2019875514,0.0419530957,4234,2021-01-08 06:08:25.336946
735,A090000032,A090032006,0.818969187,6.4881215799,0.1610439583,10607,2021-01-08 06:08:25.336946
736,A090000032,A090032003,0.7989289889,2.6231908288,0.1404853528,10181,2021-01-08 06:08:25.336946
737,A090000032,A090032004,1.0617244621,5.5904919736,0.0941334033,10607,2021-01-08 06:08:25.336946
738,A090000032,A090032001,0.4649325754,1.4227794074,0.299979343,10607,2021-01-08 06:08:25.336946
739,A090000032,A090032005,0.7478763082,10.0845624089,0.1855869928,10607,2021-01-08 06:08:25.336946
740,A090000032,A090032002,0.4792150872,3.7834770061,4.9873e-06,10607,2021-01-08 06:08:25.336946
741,A090000033,A090033003,0.5142199666,3.1807117176,0.0819834789,1002,2021-01-08 06:08:25.336946
742,A090000033,A090033006,1.1341330119,5.7907353796,0.2920142402,1009,2021-01-08 06:08:25.336946
743,A090000033,A090033001,0.0274505532,2.9155907793,0.2053438936,10608,2021-01-08 06:08:25.336946
744,A090000033,A090033002,0.6501309722,16.2346655119,0.138595307,10608,2021-01-08 06:08:25.336946
745,A090000033,A090033004,1.2300615964,4.0512873173,0.2118853553,9832,2021-01-08 06:08:25.336946
746,A090000033,A090033005,1.007815682,7.5593023566,0.2850815361,9846,2021-01-08 06:08:25.336946
747,A090000034,A090034005,0.3297995642,2.0874229865,6.355e-07,10610,2021-01-08 06:08:25.336946
748,A090000034,A090034002,0.5510406586,17.3509222494,0.2224575044,10759,2021-01-08 06:08:25.336946
749,A090000034,A090034006,0.3763541747,2.8463173932,0.0702740594,10759,2021-01-08 06:08:25.336946
750,A090000034,A090034007,0.5902843751,12.4502636607,0.2993735318,10759,2021-01-08 06:08:25.336946
751,A090000034,A090034001,0.569233675,18.9678111673,0.107922027,10759,2021-01-08 06:08:25.336946
752,A090000034,A090034008,0.6332139803,23.3273195807,0.1920859405,10760,2021-01-08 06:08:25.336946
753,A090000034,A090034003,0.792441353,1.7515888215,0.096655159,10610,2021-01-08 06:08:25.336946
754,A090000034,A090034004,0.6364710505,20.3242084637,0.115049153,10610,2021-01-08 06:08:25.336946
755,A090000035,A090035007,1.0905590087,2.0538442957,9.608e-07,10760,2021-01-08 06:08:25.336946
756,A090000035,A090035004,1.6449292204,3.4518860799,0.1705575132,10760,2021-01-08 06:08:25.336946
757,A090000035,A090035001,0.0779763996,2.579715202,0.00112942,10760,2021-01-08 06:08:25.336946
758,A090000035,A090035005,0.7633831036,2.5813577193,3.9348e-06,10760,2021-01-08 06:08:25.336946
759,A090000035,A090035003,1.6303128899,1.4456443859,0.174724175,10760,2021-01-08 06:08:25.336946
760,A090000035,A090035006,0.6816362556,12.8721296841,0.2998634736,10760,2021-01-08 06:08:25.336946
761,A090000035,A090035008,0.6839178129,1.7999919672,0.0043796399,10760,2021-01-08 06:08:25.336946
762,A090000035,A090035002,1.242326703,10.0511656004,0.1689795089,10760,2021-01-08 06:08:25.336946
763,A090000036,A090036006,0.2159455567,3.266827019,0.0074727869,1248,2021-01-08 06:08:25.336946
764,A090000036,A090036002,1.0218062394,14.7434694455,0.2993287431,1248,2021-01-08 06:08:25.336946
765,A090000036,A090036005,0.6235426394,16.008263867,0.2243238191,1248,2021-01-08 06:08:25.336946
766,A090000036,A090036004,0.0919745324,3.0479553866,0.0024193785,1248,2021-01-08 06:08:25.336946
767,A090000036,A090036003,-0.1062887904,3.5383762913,0.0539103665,1248,2021-01-08 06:08:25.336946
768,A090000036,A090036001,0.3943648442,2.6535759063,0.2544667874,1248,2021-01-08 06:08:25.336946
769,A090000037,A090037001,-0.2920861612,0.9858719025,0.0345496341,1249,2021-01-08 06:08:25.336946
770,A090000037,A090037003,0.2949063144,1.1795840231,0.1782737945,1249,2021-01-08 06:08:25.336946
771,A090000037,A090037006,0.0852303229,4.3203107208,0.1401131513,1249,2021-01-08 06:08:25.336946
772,A090000037,A090037002,-0.0143375547,1.2866869535,0.0036683738,1249,2021-01-08 06:08:25.336946
773,A090000037,A090037008,0.6616548384,5.5219736369,0.0925961707,1249,2021-01-08 06:08:25.336946
774,A090000037,A090037004,0.1183343207,8.7097923495,0.2621380762,1249,2021-01-08 06:08:25.336946
775,A090000037,A090037005,0.3486438481,4.3712265134,0.1593256096,1249,2021-01-08 06:08:25.336946
776,A090000037,A090037007,0.4973499531,15.1697124777,0.266805119,9852,2021-01-08 06:08:25.336946
777,A090000038,A090038006,0.73784967,2.0323815529,5.7997e-06,1251,2021-01-08 06:08:25.336946
778,A090000038,A090038005,0.5601205319,11.976109046,0.1755834926,1251,2021-01-08 06:08:25.336946
779,A090000038,A090038003,-0.0145843847,2.0634278291,7.8e-09,1250,2021-01-08 06:08:25.336946
780,A090000038,A090038002,0.0605850255,27.3511228188,0.3,1250,2021-01-08 06:08:25.336946
781,A090000038,A090038001,0.2329444079,4.0023223118,0.3,1250,2021-01-08 06:08:25.336946
782,A090000038,A090038004,-0.1439935688,2.1539478001,1.801926396e-37,1251,2021-01-08 06:08:25.336946
783,A090000039,A090039006,0.3113536411,4.701530964,0.2699580485,1252,2021-01-08 06:08:25.336946
784,A090000039,A090039005,0.4421508777,12.6499098024,0.2584519602,4236,2021-01-08 06:08:25.336946
785,A090000039,A090039004,0.0760382429,4.1815304177,0.0310709632,10764,2021-01-08 06:08:25.336946
786,A090000039,A090039003,0.8273584381,10.7938889373,0.2939960714,1252,2021-01-08 06:08:25.336946
787,A090000039,A090039001,0.5903253868,4.5734106255,0.1041662026,1252,2021-01-08 06:08:25.336946
788,A090000039,A090039002,0.3871670689,2.7801066523,0.2181468825,10764,2021-01-08 06:08:25.336946
789,A090000040,A090040002,0.5899955856,3.5396337927,0.0859388134,1253,2021-01-08 06:08:25.336946
790,A090000040,A090040001,0.3279160295,3.1897466613,0.2038767512,1253,2021-01-08 06:08:25.336946
791,A090000040,A090040003,0.1040512321,1.7670489191,0.1133196076,1253,2021-01-08 06:08:25.336946
792,A090000040,A090040005,0.9437958428,3.9011497281,0.1675959198,1253,2021-01-08 06:08:25.336946
793,A090000040,A090040008,0.8829590126,8.8927646375,0.2838016356,1253,2021-01-08 06:08:25.336946
794,A090000040,A090040006,0.8813593841,3.1280912857,0.1250283577,1253,2021-01-08 06:08:25.336946
795,A090000040,A090040004,0.6057522927,1.3025067801,0.1130508712,1253,2021-01-08 06:08:25.336946
796,A090000040,A090040007,0.8952181197,4.6571832494,0.101741149,1253,2021-01-08 06:08:25.336946
797,A090000041,A090041001,0.6665116985,9.1210795496,0.1032486108,4236,2021-01-08 06:08:25.336946
798,A090000041,A090041004,0.876811653,7.2987234744,0.2744201888,9857,2021-01-08 06:08:25.336946
799,A090000041,A090041005,0.8508718184,2.199354738,0.270016562,9857,2021-01-08 06:08:25.336946
800,A090000041,A090041003,0.5065320024,8.4482743857,0.2561046655,9858,2021-01-08 06:08:25.336946
801,A090000041,A090041006,0.7664516221,13.0470050103,0.174254629,9857,2021-01-08 06:08:25.336946
802,A090000041,A090041002,0.4734555673,9.6138256703,0.2528201143,4236,2021-01-08 06:08:25.336946
803,A090000042,A090042003,0.8746245084,46.9623050947,0.1908057514,10624,2021-01-08 06:08:25.336946
804,A090000042,A090042001,0.5620637377,2.3666500774,7.008e-07,10624,2021-01-08 06:08:25.336946
805,A090000042,A090042004,0.6776334099,53.569414621,0.1128616127,10766,2021-01-08 06:08:25.336946
806,A090000042,A090042005,0.4992018332,2.2826081559,0.0400391781,10625,2021-01-08 06:08:25.336946
807,A090000042,A090042006,1.307497812,20.4591547426,0.2525378292,10624,2021-01-08 06:08:25.336946
808,A090000042,A090042002,-0.0433557254,3.1162010619,0.0002362064,10624,2021-01-08 06:08:25.336946
809,A090000043,A090043008,0.6931197893,9.3358912042,0.088850066,2010,2021-01-08 06:08:25.336946
810,A090000043,A090043004,0.5495936934,8.0982761993,0.250607831,2010,2021-01-08 06:08:25.336946
811,A090000043,A090043002,0.3183527027,5.5239193407,0.2550385306,2010,2021-01-08 06:08:25.336946
812,A090000043,A090043007,0.6194838302,9.199335563,0.2137046092,2010,2021-01-08 06:08:25.336946
813,A090000043,A090043003,0.2100933403,3.384377973,0.2266352656,2010,2021-01-08 06:08:25.336946
814,A090000043,A090043005,0.4350676728,5.563407494,0.1872976966,2010,2021-01-08 06:08:25.336946
815,A090000043,A090043006,0.6286015959,9.4089729497,0.0827941816,2010,2021-01-08 06:08:25.336946
816,A090000043,A090043001,-0.2441712109,0.7108462668,0.029553964,2010,2021-01-08 06:08:25.336946
817,A090000044,A090044003,0.1683464547,5.5221903534,0.2733543798,2010,2021-01-08 06:08:25.336946
818,A090000044,A090044008,1.191169087,1.9297859544,0.2218311712,2010,2021-01-08 06:08:25.336946
819,A090000044,A090044002,0.296755754,3.0725257645,0.088652593,2010,2021-01-08 06:08:25.336946
820,A090000044,A090044005,-0.0145287072,1.9621448936,0.1320214722,2010,2021-01-08 06:08:25.336946
821,A090000044,A090044001,-0.5238034012,1.626144604,0.0230172025,2010,2021-01-08 06:08:25.336946
822,A090000044,A090044004,0.4915992312,9.9647450157,0.1181007336,2010,2021-01-08 06:08:25.336946
823,A090000044,A090044006,0.9455524804,3.1288482601,0.1522338571,2010,2021-01-08 06:08:25.336946
824,A090000044,A090044007,0.4728902195,1.5759106515,0.0581093645,2010,2021-01-08 06:08:25.336946
825,A090000045,A090045003,0.1580531363,3.281561176,0.1432458257,2010,2021-01-08 06:08:25.336946
826,A090000045,A090045006,0.8591044299,4.0317146026,0.147183974,2010,2021-01-08 06:08:25.336946
827,A090000045,A090045005,0.7928003578,4.5908178677,0.145521217,2010,2021-01-08 06:08:25.336946
828,A090000045,A090045002,-0.2478963638,2.0820954867,2.995e-06,2010,2021-01-08 06:08:25.336946
829,A090000045,A090045004,0.4008050743,7.7384543604,0.1025967438,2010,2021-01-08 06:08:25.336946
830,A090000045,A090045001,-0.0198683076,2.9916356857,0.2999713723,2010,2021-01-08 06:08:25.336946
831,A090000046,A090046004,0.932190098,53.5383206202,0.2370985867,2010,2021-01-08 06:08:25.336946
832,A090000046,A090046001,-0.1493542308,6.5898057276,0.0006657661,2010,2021-01-08 06:08:25.336946
833,A090000046,A090046003,-0.1590322588,3.2835089341,0.0004504073,2010,2021-01-08 06:08:25.336946
834,A090000046,A090046006,0.8945520276,4.003088961,0.2999998927,2010,2021-01-08 06:08:25.336946
835,A090000046,A090046002,0.0285605656,15.1834552061,0.2372569114,2010,2021-01-08 06:08:25.336946
836,A090000046,A090046005,0.7474102784,20.7806762228,0.249518071,2010,2021-01-08 06:08:25.336946
837,A090000047,A090047004,0.6038017923,3.7594233131,0.0503852008,2010,2021-01-08 06:08:25.336946
838,A090000047,A090047008,-0.0579160341,2.1433935935,0.0776700012,2010,2021-01-08 06:08:25.336946
839,A090000047,A090047006,0.4269097012,2.8311147584,0.099643387,2010,2021-01-08 06:08:25.336946
840,A090000047,A090047002,0.0050774081,2.5281122225,0.0103674312,2010,2021-01-08 06:08:25.336946
841,A090000047,A090047003,1.0254201453,14.6005946544,0.2677685819,2010,2021-01-08 06:08:25.336946
842,A090000047,A090047007,0.361870734,3.6527068418,0.299996934,2010,2021-01-08 06:08:25.336946
843,A090000047,A090047001,0.5838691264,9.9259989167,0.21786293,2010,2021-01-08 06:08:25.336946
844,A090000047,A090047005,0.0653535445,1.3132458587,0.0002260799,2010,2021-01-08 06:08:25.336946
845,A090000048,A090048005,0.6261257412,27.4126112791,0.2999981995,2598,2021-01-08 06:08:25.336946
846,A090000048,A090048002,-0.0142186572,4.2382363542,0.2475954897,2598,2021-01-08 06:08:25.336946
847,A090000048,A090048001,0.0163818881,1.902872128,1.232579598e-19,2598,2021-01-08 06:08:25.336946
848,A090000048,A090048004,0.660374027,28.10592493,0.1629124849,2598,2021-01-08 06:08:25.336946
849,A090000048,A090048006,0.8898824645,3.7960363042,0.17512469,2598,2021-01-08 06:08:25.336946
850,A090000048,A090048003,0.248240749,31.6432173465,0.224052786,2598,2021-01-08 06:08:25.336946
851,A090000049,A090049002,0.643911021,10.1426162285,0.2010526673,4242,2021-01-08 06:08:25.336946
852,A090000049,A090049005,0.109797591,2.5840723328,0.0739836036,4242,2021-01-08 06:08:25.336946
853,A090000049,A090049003,0.5411343804,6.9047320289,0.1776059736,4242,2021-01-08 06:08:25.336946
854,A090000049,A090049004,0.4034057635,9.4690435349,0.0550178386,4242,2021-01-08 06:08:25.336946
855,A090000049,A090049001,0.2970331814,5.2092378037,0.2984470289,4242,2021-01-08 06:08:25.336946
856,A090000049,A090049006,0.6015553018,12.4622792387,0.2530393452,4242,2021-01-08 06:08:25.336946
857,A090000050,A090050001,0.5933691832,11.7424024827,0.1114194563,2600,2021-01-08 06:08:25.336946
858,A090000050,A090050002,1.0497115794,1.3707180414,0.0653708,2600,2021-01-08 06:08:25.336946
859,A090000050,A090050004,0.137685832,2.6057943258,2.988e-07,2598,2021-01-08 06:08:25.336946
860,A090000050,A090050005,0.6843603312,26.8899154336,0.1569376629,2598,2021-01-08 06:08:25.336946
861,A090000050,A090050003,0.6822132777,20.5785171399,0.1056916968,2600,2021-01-08 06:08:25.336946
862,A090000050,A090050006,0.0099717629,2.2740628176,1.39572e-05,2598,2021-01-08 06:08:25.336946
863,A090000051,A090051008,0.9439600859,3.726343104,0.1717390711,2598,2021-01-08 06:08:25.336946
864,A090000051,A090051002,0.3302149864,2.7311141554,1.1e-09,2598,2021-01-08 06:08:25.336946
865,A090000051,A090051001,0.3340903217,4.6061506322,0.133586486,2598,2021-01-08 06:08:25.336946
866,A090000051,A090051005,0.342079778,3.3594286985,2.3099e-06,2598,2021-01-08 06:08:25.336946
867,A090000051,A090051006,0.5079057819,5.0092586983,0.1904509528,2598,2021-01-08 06:08:25.336946
868,A090000051,A090051003,0.6079851437,34.1315838393,0.2134008248,2598,2021-01-08 06:08:25.336946
869,A090000051,A090051007,0.7177287056,8.3167727803,0.188865309,2600,2021-01-08 06:08:25.336946
870,A090000051,A090051004,0.3918836662,6.0729551429,0.1109944253,2598,2021-01-08 06:08:25.336946
871,A090000052,A090052006,0.9095016751,5.2107785643,0.2995402624,2600,2021-01-08 06:08:25.336946
872,A090000052,A090052002,1.5847628919,8.5288814892,0.2999998677,2601,2021-01-08 06:08:25.336946
873,A090000052,A090052004,0.2407979331,15.1530193378,0.1993949441,10190,2021-01-08 06:08:25.336946
874,A090000052,A090052003,0.1907455725,22.0918464496,0.1105615779,10190,2021-01-08 06:08:25.336946
875,A090000052,A090052005,0.0320869073,1.5625066959,0.0592960007,2601,2021-01-08 06:08:25.336946
876,A090000052,A090052001,-0.4717736759,2.1016039921,0.0679809074,2601,2021-01-08 06:08:25.336946
877,A090000053,A090053004,0.2565712601,1.3957717825,1.664e-07,9923,2021-01-08 06:08:25.336946
878,A090000053,A090053005,0.5363726624,16.3310231827,0.2098797941,9923,2021-01-08 06:08:25.336946
879,A090000053,A090053003,0.3299433766,2.1840917554,0.0008708961,2602,2021-01-08 06:08:25.336946
880,A090000053,A090053001,0.1521512422,2.0649314836,1.392599147e-32,2602,2021-01-08 06:08:25.336946
881,A090000053,A090053002,0.6425049118,22.1563564892,0.2298092066,2602,2021-01-08 06:08:25.336946
882,A090000053,A090053006,0.530021673,19.4319461704,0.2862123598,9923,2021-01-08 06:08:25.336946
883,A090000054,A090054007,1.6189167003,5.840456065,0.2771447547,9923,2021-01-08 06:08:25.336946
884,A090000054,A090054005,1.7554375869,9.5283659627,0.2229987561,2602,2021-01-08 06:08:25.336946
885,A090000054,A090054002,1.9073974103,5.2552852345,0.2999808734,2601,2021-01-08 06:08:25.336946
886,A090000054,A090054001,0.9831900874,2.2666013133,0.1483137144,2601,2021-01-08 06:08:25.336946
887,A090000054,A090054008,0.4510475664,3.5053662563,0.0369997562,9923,2021-01-08 06:08:25.336946
888,A090000054,A090054003,0.2338623762,0.7487213949,0.0214294961,10190,2021-01-08 06:08:25.336946
889,A090000054,A090054006,0.3913552523,1.0386746016,0.0795957604,2601,2021-01-08 06:08:25.336946
890,A090000054,A090054004,1.5679743944,10.7014019872,0.1822474034,2601,2021-01-08 06:08:25.336946
891,A090000055,A090055006,0.6737637135,29.9927738801,0.1498930768,2603,2021-01-08 06:08:25.336946
892,A090000055,A090055001,-0.795672487,2.1838655039,0.0037638002,2603,2021-01-08 06:08:25.336946
893,A090000055,A090055003,0.5985197655,3.8611701472,0.2002437069,2603,2021-01-08 06:08:25.336946
894,A090000055,A090055002,0.5675547674,3.3339308858,0.0965015311,2603,2021-01-08 06:08:25.336946
895,A090000055,A090055005,0.6199106012,5.7222737653,0.1750361828,2603,2021-01-08 06:08:25.336946
896,A090000055,A090055004,0.2278364124,2.7787074167,0.0914390025,2603,2021-01-08 06:08:25.336946
897,A090000056,A090056003,-0.0883512904,9.935993451,0.2804136338,2603,2021-01-08 06:08:25.336946
898,A090000056,A090056006,-0.3672566382,10.75688552,0.2852925705,2604,2021-01-08 06:08:25.336946
899,A090000056,A090056002,0.0071117752,4.0813126078,0.0882310853,2604,2021-01-08 06:08:25.336946
900,A090000056,A090056001,-1.070330476,4.8296241892,0.0212926029,2604,2021-01-08 06:08:25.336946
901,A090000056,A090056004,-0.6547710173,11.2049204583,0.0560382789,2604,2021-01-08 06:08:25.336946
902,A090000056,A090056005,-0.0582740007,17.3375554503,0.2978630449,2604,2021-01-08 06:08:25.336946
903,A090000057,A090057007,0.6570614029,54.767939598,0.2806297223,2603,2021-01-08 06:08:25.336946
904,A090000057,A090057005,-0.2721254709,4.2380695833,0.0,2604,2021-01-08 06:08:25.336946
905,A090000057,A090057004,0.3754743863,3.1605462388,0.0934662723,2604,2021-01-08 06:08:25.336946
906,A090000057,A090057003,0.1926208134,3.5066806314,0.3,2604,2021-01-08 06:08:25.336946
907,A090000057,A090057002,-0.1255393412,3.5974590666,0.1038899818,2604,2021-01-08 06:08:25.336946
908,A090000057,A090057006,0.4396184613,2.6912718604,0.1991559175,2603,2021-01-08 06:08:25.336946
909,A090000057,A090057008,0.5745473236,5.7579064356,5.648e-07,2604,2021-01-08 06:08:25.336946
910,A090000057,A090057001,0.6555615912,49.4047736786,0.1394258463,2603,2021-01-08 06:08:25.336946
911,A090000058,A090058005,0.6583335062,16.9305156067,0.1673428883,9927,2021-01-08 06:08:25.336946
912,A090000058,A090058008,0.2574275143,3.7237661902,0.0674981164,9927,2021-01-08 06:08:25.336946
913,A090000058,A090058006,0.0858750911,17.158926546,0.1148289729,9927,2021-01-08 06:08:25.336946
914,A090000058,A090058001,-0.0177116854,1.8170632195,0.2997920882,9927,2021-01-08 06:08:25.336946
915,A090000058,A090058003,0.6878167443,3.1236391019,0.2061594381,10784,2021-01-08 06:08:25.336946
916,A090000058,A090058007,0.6680674802,12.205350332,0.1780210275,9927,2021-01-08 06:08:25.336946
917,A090000058,A090058004,0.1217784207,4.404448999,0.2964891853,9927,2021-01-08 06:08:25.336946
918,A090000058,A090058002,-0.0883464134,29.2800605721,0.0006048581,10784,2021-01-08 06:08:25.336946
919,A090000059,A090059002,-0.6632196737,6.3201253657,0.0149929543,2607,2021-01-08 06:08:25.336946
920,A090000059,A090059004,0.762786663,7.1704958362,0.1010345728,2607,2021-01-08 06:08:25.336946
921,A090000059,A090059003,1.1509569482,7.7220130703,0.2945645333,2607,2021-01-08 06:08:25.336946
922,A090000059,A090059005,0.2491707871,12.2018309213,0.2956326742,2607,2021-01-08 06:08:25.336946
923,A090000059,A090059006,1.0644598502,5.3118905196,0.2811758619,2607,2021-01-08 06:08:25.336946
924,A090000059,A090059001,-0.0883795019,11.4325168463,0.1772497765,2607,2021-01-08 06:08:25.336946
925,A090000060,A090060006,0.6891243789,1.6103313512,2.2456e-06,2608,2021-01-08 06:08:25.336946
926,A090000060,A090060005,0.3242974801,4.2970868056,0.157240185,2608,2021-01-08 06:08:25.336946
927,A090000060,A090060001,-0.0359557243,2.3389632452,0.0022591928,2608,2021-01-08 06:08:25.336946
928,A090000060,A090060002,0.0054281946,13.0940127874,0.299995271,2608,2021-01-08 06:08:25.336946
929,A090000060,A090060003,0.0257335413,18.4648072093,0.0001664909,2608,2021-01-08 06:08:25.336946
930,A090000060,A090060004,0.0082115095,21.273896538,0.1856065791,2608,2021-01-08 06:08:25.336946
931,A090000061,A090061006,0.3097618021,4.9229145321,0.0415692789,2605,2021-01-08 06:08:25.336946
932,A090000061,A090061008,0.0089475488,1.2976013076,0.0260134341,9927,2021-01-08 06:08:25.336946
933,A090000061,A090061003,0.709289321,16.2203402027,0.0525688461,9927,2021-01-08 06:08:25.336946
934,A090000061,A090061001,-0.2195975526,1.2845995125,0.0237524947,10784,2021-01-08 06:08:25.336946
935,A090000061,A090061007,0.223978596,2.8617312294,0.0070771252,2608,2021-01-08 06:08:25.336946
936,A090000061,A090061004,0.6203141065,15.3739721627,0.1062774826,9927,2021-01-08 06:08:25.336946
937,A090000061,A090061005,0.7107966358,8.3371375132,0.2531711773,9927,2021-01-08 06:08:25.336946
938,A090000062,A090062005,0.7765146737,5.3758609686,0.2747532419,9928,2021-01-08 06:08:25.336946
939,A090000062,A090062007,0.6253794958,7.3973659108,0.116264564,9928,2021-01-08 06:08:25.336946
940,A090000062,A090062001,-0.6401747533,1.6596887913,0.0266114991,9928,2021-01-08 06:08:25.336946
941,A090000062,A090062006,-0.1117072976,11.4415900569,0.0382944739,9928,2021-01-08 06:08:25.336946
942,A090000062,A090062003,0.7654466849,3.635134371,0.2241068434,9928,2021-01-08 06:08:25.336946
943,A090000062,A090062002,0.1048046365,14.3065489176,0.1983660879,9928,2021-01-08 06:08:25.336946
944,A090000062,A090062004,0.1073377647,8.1576933754,0.141853958,9928,2021-01-08 06:08:25.336946
945,A090000062,A090062008,0.8406103978,6.1232189363,0.2858014347,9928,2021-01-08 06:08:25.336946
946,A090000063,A090063001,-0.1489800821,18.2976083874,0.0914102484,2610,2021-01-08 06:08:25.336946
947,A090000063,A090063002,-0.0457146523,25.1491117741,0.1542228458,2610,2021-01-08 06:08:25.336946
948,A090000063,A090063005,0.0177803267,23.078191899,0.1840558231,2610,2021-01-08 06:08:25.336946
949,A090000063,A090063004,0.0573976189,5.4293721298,0.2870223099,2610,2021-01-08 06:08:25.336946
950,A090000063,A090063006,0.1003157566,10.2028856645,0.2722067049,2610,2021-01-08 06:08:25.336946
951,A090000063,A090063003,-0.0006105543,10.6785062017,0.1964705044,2610,2021-01-08 06:08:25.336946
952,A090000064,A090064004,0.5015513476,2.4903979685,0.1278656671,2611,2021-01-08 06:08:25.336946
953,A090000064,A090064003,0.8159992956,2.4428601484,0.0523811153,2611,2021-01-08 06:08:25.336946
954,A090000064,A090064005,0.6766702112,19.8863482431,0.1340527167,2611,2021-01-08 06:08:25.336946
955,A090000064,A090064001,-0.3072457357,1.9475942526,9.6001e-06,2611,2021-01-08 06:08:25.336946
956,A090000064,A090064006,0.9837508426,22.0861327626,0.1087878194,2611,2021-01-08 06:08:25.336946
957,A090000064,A090064002,0.1921706387,3.5389290877,0.2999999989,2611,2021-01-08 06:08:25.336946
958,A090000065,A090065001,-0.2257054999,4.3022135163,0.0564552887,9928,2021-01-08 06:08:25.336946
959,A090000065,A090065002,0.0855229948,8.9586282667,0.1909495219,9928,2021-01-08 06:08:25.336946
960,A090000065,A090065003,0.1557907187,4.6283916949,0.2362063483,2610,2021-01-08 06:08:25.336946
961,A090000065,A090065007,0.247110871,9.4840921261,0.1536697922,2611,2021-01-08 06:08:25.336946
962,A090000065,A090065005,0.2115931439,3.1672522896,0.0815365655,9928,2021-01-08 06:08:25.336946
963,A090000065,A090065008,0.578575786,5.9366700853,0.2964439809,2611,2021-01-08 06:08:25.336946
964,A090000065,A090065004,0.1488328,3.6527183838,0.2301551281,2610,2021-01-08 06:08:25.336946
965,A090000065,A090065006,0.3928967277,8.1853650378,0.0619433084,2610,2021-01-08 06:08:25.336946
966,A090000066,A090066008,0.5999498077,3.1413018154,0.2850138304,2612,2021-01-08 06:08:25.336946
967,A090000066,A090066004,0.1688030027,18.3853157943,0.1427554568,2612,2021-01-08 06:08:25.336946
968,A090000066,A090066003,0.6977247966,13.3748617459,0.1697326997,2612,2021-01-08 06:08:25.336946
969,A090000066,A090066001,0.6172824309,4.5665079599,0.1223074521,2612,2021-01-08 06:08:25.336946
970,A090000066,A090066006,0.7538549894,1.4746215853,0.1197050722,2612,2021-01-08 06:08:25.336946
971,A090000066,A090066007,0.9540175643,14.4178850201,0.2999968509,2612,2021-01-08 06:08:25.336946
972,A090000066,A090066002,0.5848621175,13.0176475012,0.191897632,2612,2021-01-08 06:08:25.336946
973,A090000066,A090066005,-0.2126391323,1.5918828959,0.0339408295,2612,2021-01-08 06:08:25.336946
974,A090000067,A090067004,1.2882771817,2.9310288802,0.2443116499,2614,2021-01-08 06:08:25.336946
975,A090000067,A090067001,0.1127070739,12.2349469427,0.061492952,2614,2021-01-08 06:08:25.336946
976,A090000067,A090067007,0.6512622389,7.5449651205,0.2947975285,2614,2021-01-08 06:08:25.336946
977,A090000067,A090067003,0.8221855933,8.7139880627,0.2926113232,2614,2021-01-08 06:08:25.336946
978,A090000067,A090067008,-0.3354846297,2.2226048006,0.022906021,10795,2021-01-08 06:08:25.336946
979,A090000067,A090067005,0.8714667239,12.4475475941,0.2245284732,2612,2021-01-08 06:08:25.336946
980,A090000067,A090067006,0.5050212872,16.4199986883,0.0645847422,10795,2021-01-08 06:08:25.336946
981,A090000067,A090067002,-0.4112696925,10.5827607015,0.0237119339,2614,2021-01-08 06:08:25.336946
982,A090000068,A090068003,0.9079093954,3.1919649255,0.2371560301,2613,2021-01-08 06:08:25.336946
983,A090000068,A090068002,0.4989869907,2.3503404452,0.0368565474,2612,2021-01-08 06:08:25.336946
984,A090000068,A090068008,0.6888797469,8.3161104762,0.2997237434,2610,2021-01-08 06:08:25.336946
985,A090000068,A090068006,0.623374465,2.6234775738,0.2997219641,9928,2021-01-08 06:08:25.336946
986,A090000068,A090068001,1.1143016582,18.0706520937,0.0324836447,2610,2021-01-08 06:08:25.336946
987,A090000068,A090068005,0.6174643042,19.3672128834,2.0344e-06,2610,2021-01-08 06:08:25.336946
988,A090000068,A090068004,1.0457605679,2.0001831245,3.3239e-06,2610,2021-01-08 06:08:25.336946
989,A090000068,A090068007,1.1051984921,3.2700714189,0.0615150809,2611,2021-01-08 06:08:25.336946
990,A090000069,A090069003,0.2588796895,2.0466047151,0.0664794459,2644,2021-01-08 06:08:25.336946
991,A090000069,A090069004,0.6209062367,25.6245383135,0.216362647,9924,2021-01-08 06:08:25.336946
992,A090000069,A090069006,-0.3729099113,1.4527575576,0.0011156612,9924,2021-01-08 06:08:25.336946
993,A090000069,A090069005,0.0857621806,20.0446578638,0.0361335823,2644,2021-01-08 06:08:25.336946
994,A090000069,A090069002,-0.3195772357,1.530879091,0.0012244011,9924,2021-01-08 06:08:25.336946
995,A090000069,A090069001,1.0427327169,1.8300186199,0.1653539552,9924,2021-01-08 06:08:25.336946
996,A090000070,A090070002,-0.2102489783,2.3828295461,8.7758e-06,9925,2021-01-08 06:08:25.336946
997,A090000070,A090070005,0.5311269405,4.6921825186,0.2153601143,2647,2021-01-08 06:08:25.336946
998,A090000070,A090070003,0.3259422968,5.2361473672,1e-10,9929,2021-01-08 06:08:25.336946
999,A090000070,A090070007,0.8785592777,4.2440711739,0.1055443681,9929,2021-01-08 06:08:25.336946
1000,A090000070,A090070008,0.3029251343,1.9807333368,0.0,9926,2021-01-08 06:08:25.336946
1001,A090000070,A090070006,1.0476570622,5.3676760272,0.2997829694,9929,2021-01-08 06:08:25.336946
1002,A090000070,A090070001,0.1824135565,2.9309658958,1.81197e-05,9925,2021-01-08 06:08:25.336946
1003,A090000070,A090070004,0.2373692556,2.475340256,3e-10,9929,2021-01-08 06:08:25.336946
1004,A090000071,A090071005,1.3305483255,7.5125950826,0.2999991096,2647,2021-01-08 06:08:25.336946
1005,A090000071,A090071003,1.2114068363,0.9151072631,0.0002915931,9924,2021-01-08 06:08:25.336946
1006,A090000071,A090071001,0.5623177457,5.8724011702,0.2941394779,2644,2021-01-08 06:08:25.336946
1007,A090000071,A090071006,1.3243576923,36.0241789457,0.0829120108,2647,2021-01-08 06:08:25.336946
1008,A090000071,A090071004,1.3400921723,7.1423970501,0.0,9929,2021-01-08 06:08:25.336946
1009,A090000071,A090071007,1.5644512518,0.7839467448,0.1985937071,9929,2021-01-08 06:08:25.336946
1010,A090000071,A090071002,0.412247239,1.4649345186,0.1401186091,9924,2021-01-08 06:08:25.336946
1011,A090000071,A090071008,1.0089193032,3.3027539782,0.2982037574,9926,2021-01-08 06:08:25.336946
1012,A090000072,A090072005,0.5401084589,0.8878468592,0.00724602,4243,2021-01-08 06:08:25.336946
1013,A090000072,A090072001,0.1986529001,1.836196524,0.0013816774,4243,2021-01-08 06:08:25.336946
1014,A090000072,A090072004,0.4063079031,37.5442988473,0.299999976,4243,2021-01-08 06:08:25.336946
1015,A090000072,A090072006,0.8390383521,1.3322960958,0.0034785868,2648,2021-01-08 06:08:25.336946
1016,A090000072,A090072002,-0.1896384988,3.3837817327,0.0332408359,4243,2021-01-08 06:08:25.336946
1017,A090000072,A090072003,0.6769433666,3.3896233121,0.2576109799,4243,2021-01-08 06:08:25.336946
1018,A090000073,A090073006,0.0550654274,34.9927325543,9e-10,2648,2021-01-08 06:08:25.336946
1019,A090000073,A090073001,-0.3365647026,1.6108510916,5e-10,10196,2021-01-08 06:08:25.336946
1020,A090000073,A090073002,-0.2499338258,3.2070651577,7.2496e-06,2648,2021-01-08 06:08:25.336946
1021,A090000073,A090073005,0.383881998,4.4285285544,0.2999856314,10196,2021-01-08 06:08:25.336946
1022,A090000073,A090073004,0.5458394331,17.8809125766,0.2109895395,4243,2021-01-08 06:08:25.336946
1023,A090000073,A090073003,0.0544298018,0.4828673168,0.006254237,2648,2021-01-08 06:08:25.336946
1024,A090000074,A090074005,2.1261445816,0.2400337443,0.0348360712,2648,2021-01-08 06:08:25.336946
1025,A090000074,A090074002,0.0120021665,54.3819407209,2.93e-08,4243,2021-01-08 06:08:25.336946
1026,A090000074,A090074003,-0.7257946567,0.416778949,0.0115910645,4243,2021-01-08 06:08:25.336946
1027,A090000074,A090074004,0.4509228725,4.2516891066,0.0,10196,2021-01-08 06:08:25.336946
1028,A090000074,A090074001,0.7010922277,2.1973700755,0.0529614946,4243,2021-01-08 06:08:25.336946
1029,A090000074,A090074006,0.0388311494,1.5859521359,3.87967e-05,2648,2021-01-08 06:08:25.336946
